Observation id,Observation date,Description,Media file,Total length,FPS,number of ants,brood or not,Subject,Behavior,Behavioral category,Modifiers,Behavior type,Start (s),Stop (s),Duration (s),Comment start,Comment stop
qi_cam34_exp3_a2_8n,2023-08-31 13:47:05,,D:/desktop/Qi_DenfenseBeh/BorisData/exp3_a2a3/qicam34exp3after2t202301071508_20230107_150743.mp4,1454.440,25.0,8,n,No focal subject,intruder,,,POINT,30.401,30.401,NA,,
qi_cam34_exp3_a2_8n,2023-08-31 13:47:05,,D:/desktop/Qi_DenfenseBeh/BorisData/exp3_a2a3/qicam34exp3after2t202301071508_20230107_150743.mp4,1454.440,25.0,8,n,go,meet,,,POINT,30.401,30.401,NA,,
qi_cam34_exp3_a2_8n,2023-08-31 13:47:05,,D:/desktop/Qi_DenfenseBeh/BorisData/exp3_a2a3/qicam34exp3after2t202301071508_20230107_150743.mp4,1454.440,25.0,8,n,pb,meet,,,POINT,33.152,33.152,NA,,
qi_cam34_exp3_a2_8n,2023-08-31 13:47:05,,D:/desktop/Qi_DenfenseBeh/BorisData/exp3_a2a3/qicam34exp3after2t202301071508_20230107_150743.mp4,1454.440,25.0,8,n,pg,meet,,,POINT,38.403,38.403,NA,,
qi_cam34_exp3_a2_8n,2023-08-31 13:47:05,,D:/desktop/Qi_DenfenseBeh/BorisData/exp3_a2a3/qicam34exp3after2t202301071508_20230107_150743.mp4,1454.440,25.0,8,n,bo,meet,,,POINT,38.403,38.403,NA,,
qi_cam34_exp3_a2_4n,2023-08-31 13:45:30,,D:/desktop/Qi_DenfenseBeh/BorisData/exp3_a2a3/qicam34exp3after2t202301071508_20230107_150743.mp4,1454.440,25.0,4,n,No focal subject,intruder,,,POINT,39.908,39.908,NA,,
qi_cam34_exp3_a2_8n,2023-08-31 13:47:05,,D:/desktop/Qi_DenfenseBeh/BorisData/exp3_a2a3/qicam34exp3after2t202301071508_20230107_150743.mp4,1454.440,25.0,8,n,bb,meet,,,POINT,40.161,40.161,NA,,
qi_cam34_exp3_a2_8n,2023-08-31 13:47:05,,D:/desktop/Qi_DenfenseBeh/BorisData/exp3_a2a3/qicam34exp3after2t202301071508_20230107_150743.mp4,1454.440,25.0,8,n,go,meet,,,POINT,41.401,41.401,NA,,
qi_cam34_exp3_a2_8n,2023-08-31 13:47:05,,D:/desktop/Qi_DenfenseBeh/BorisData/exp3_a2a3/qicam34exp3after2t202301071508_20230107_150743.mp4,1454.440,25.0,8,n,pb,sting,,,STATE,42.901,64.901,22.000,,
qi_cam34_exp3_a2_8n,2023-08-31 13:47:05,,D:/desktop/Qi_DenfenseBeh/BorisData/exp3_a2a3/qicam34exp3after2t202301071508_20230107_150743.mp4,1454.440,25.0,8,n,go,sting,,,STATE,49.652,53.401,3.749,,
qi_cam34_exp3_a2_8wl,2023-08-31 13:47:28,,D:/desktop/Qi_DenfenseBeh/BorisData/exp3_a2a3/qicam34exp3after2t202301071508_20230107_150743.mp4,1454.440,25.0,8,wl,No focal subject,intruder,,,POINT,53.656,53.656,NA,,
qi_cam34_exp3_a2_4n,2023-08-31 13:45:30,,D:/desktop/Qi_DenfenseBeh/BorisData/exp3_a2a3/qicam34exp3after2t202301071508_20230107_150743.mp4,1454.440,25.0,4,n,go,meet,,,POINT,56.654,56.654,NA,,
qi_cam34_exp3_a2_4n,2023-08-31 13:45:30,,D:/desktop/Qi_DenfenseBeh/BorisData/exp3_a2a3/qicam34exp3after2t202301071508_20230107_150743.mp4,1454.440,25.0,4,n,go,sting,,,STATE,57.651,67.657,10.006,,
qi_cam34_exp3_a2_8n,2023-08-31 13:47:05,,D:/desktop/Qi_DenfenseBeh/BorisData/exp3_a2a3/qicam34exp3after2t202301071508_20230107_150743.mp4,1454.440,25.0,8,n,pg,meet,,,POINT,58.654,58.654,NA,,
qi_cam34_exp3_a2_8wl,2023-08-31 13:47:28,,D:/desktop/Qi_DenfenseBeh/BorisData/exp3_a2a3/qicam34exp3after2t202301071508_20230107_150743.mp4,1454.440,25.0,8,wl,go,meet,,,POINT,59.166,59.166,NA,,
qi_cam34_exp3_a2_8n,2023-08-31 13:47:05,,D:/desktop/Qi_DenfenseBeh/BorisData/exp3_a2a3/qicam34exp3after2t202301071508_20230107_150743.mp4,1454.440,25.0,8,n,go,meet,,,POINT,63.154,63.154,NA,,
qi_cam34_exp3_a2_4wl,2023-08-31 13:46:24,,D:/desktop/Qi_DenfenseBeh/BorisData/exp3_a2a3/qicam34exp3after2t202301071508_20230107_150743.mp4,1454.440,25.0,4,wl,No focal subject,intruder,,,POINT,63.401,63.401,NA,,
qi_cam34_exp3_a2_8n,2023-08-31 13:47:05,,D:/desktop/Qi_DenfenseBeh/BorisData/exp3_a2a3/qicam34exp3after2t202301071508_20230107_150743.mp4,1454.440,25.0,8,n,oo,meet,,,POINT,64.654,64.654,NA,,
qi_cam34_exp3_a2_8n,2023-08-31 13:47:05,,D:/desktop/Qi_DenfenseBeh/BorisData/exp3_a2a3/qicam34exp3after2t202301071508_20230107_150743.mp4,1454.440,25.0,8,n,oo,sting,,,STATE,66.152,67.654,1.502,,
qi_cam34_exp3_a2_8n,2023-08-31 13:47:05,,D:/desktop/Qi_DenfenseBeh/BorisData/exp3_a2a3/qicam34exp3after2t202301071508_20230107_150743.mp4,1454.440,25.0,8,n,go,sting,,,STATE,66.154,70.654,4.500,,
qi_cam34_exp3_a2_8wl,2023-08-31 13:47:28,,D:/desktop/Qi_DenfenseBeh/BorisData/exp3_a2a3/qicam34exp3after2t202301071508_20230107_150743.mp4,1454.440,25.0,8,wl,pg,meet,,,POINT,66.908,66.908,NA,,
qi_cam34_exp3_a2_8wp,2023-08-31 13:47:49,,D:/desktop/Qi_DenfenseBeh/BorisData/exp3_a2a3/qicam34exp3after2t202301071508_20230107_150743.mp4,1454.440,25.0,8,wp,No focal subject,intruder,,,POINT,73.406,73.406,NA,,
qi_cam34_exp3_a2_8wp,2023-08-31 13:47:49,,D:/desktop/Qi_DenfenseBeh/BorisData/exp3_a2a3/qicam34exp3after2t202301071508_20230107_150743.mp4,1454.440,25.0,8,wp,oo,meet,,,POINT,80.124,80.124,NA,,
qi_cam34_exp3_a2_4wl,2023-08-31 13:46:24,,D:/desktop/Qi_DenfenseBeh/BorisData/exp3_a2a3/qicam34exp3after2t202301071508_20230107_150743.mp4,1454.440,25.0,4,wl,bo,meet,,,POINT,81.965,81.965,NA,,
qi_cam34_exp3_a2_4wp,2023-08-31 13:46:48,,D:/desktop/Qi_DenfenseBeh/BorisData/exp3_a2a3/qicam34exp3after2t202301071508_20230107_150743.mp4,1454.440,25.0,4,wp,No focal subject,intruder,,,POINT,82.154,82.154,NA,,
qi_cam34_exp3_a2_4wp,2023-08-31 13:46:48,,D:/desktop/Qi_DenfenseBeh/BorisData/exp3_a2a3/qicam34exp3after2t202301071508_20230107_150743.mp4,1454.440,25.0,4,wp,oo,meet,,,POINT,82.154,82.154,NA,,
qi_cam34_exp3_a2_8n,2023-08-31 13:47:05,,D:/desktop/Qi_DenfenseBeh/BorisData/exp3_a2a3/qicam34exp3after2t202301071508_20230107_150743.mp4,1454.440,25.0,8,n,go,meet,,,POINT,84.901,84.901,NA,,
qi_cam34_exp3_a2_8wl,2023-08-31 13:47:28,,D:/desktop/Qi_DenfenseBeh/BorisData/exp3_a2a3/qicam34exp3after2t202301071508_20230107_150743.mp4,1454.440,25.0,8,wl,bo,meet,,,POINT,88.666,88.666,NA,,
qi_cam34_exp3_a2_8n,2023-08-31 13:47:05,,D:/desktop/Qi_DenfenseBeh/BorisData/exp3_a2a3/qicam34exp3after2t202301071508_20230107_150743.mp4,1454.440,25.0,8,n,pb,meet,,,POINT,93.403,93.403,NA,,
qi_cam34_exp3_a2_4n,2023-08-31 13:45:30,,D:/desktop/Qi_DenfenseBeh/BorisData/exp3_a2a3/qicam34exp3after2t202301071508_20230107_150743.mp4,1454.440,25.0,4,n,go,meet,,,POINT,93.651,93.651,NA,,
qi_cam34_exp3_a2_4n,2023-08-31 13:45:30,,D:/desktop/Qi_DenfenseBeh/BorisData/exp3_a2a3/qicam34exp3after2t202301071508_20230107_150743.mp4,1454.440,25.0,4,n,go,sting,,,STATE,94.651,154.651,60.000,,
qi_cam34_exp3_a2_4wp,2023-08-31 13:46:48,,D:/desktop/Qi_DenfenseBeh/BorisData/exp3_a2a3/qicam34exp3after2t202301071508_20230107_150743.mp4,1454.440,25.0,4,wp,oo,meet,,,POINT,95.664,95.664,NA,,
qi_cam34_exp3_a2_8wp,2023-08-31 13:47:49,,D:/desktop/Qi_DenfenseBeh/BorisData/exp3_a2a3/qicam34exp3after2t202301071508_20230107_150743.mp4,1454.440,25.0,8,wp,pp,meet,,,POINT,98.401,98.401,NA,,
qi_cam34_exp3_a2_8wl,2023-08-31 13:47:28,,D:/desktop/Qi_DenfenseBeh/BorisData/exp3_a2a3/qicam34exp3after2t202301071508_20230107_150743.mp4,1454.440,25.0,8,wl,pg,meet,,,POINT,98.660,98.660,NA,,
qi_cam34_exp3_a2_8wp,2023-08-31 13:47:49,,D:/desktop/Qi_DenfenseBeh/BorisData/exp3_a2a3/qicam34exp3after2t202301071508_20230107_150743.mp4,1454.440,25.0,8,wp,pp,sting,,,STATE,100.659,102.157,1.498,,
qi_cam34_exp3_a2_8wp,2023-08-31 13:47:49,,D:/desktop/Qi_DenfenseBeh/BorisData/exp3_a2a3/qicam34exp3after2t202301071508_20230107_150743.mp4,1454.440,25.0,8,wp,pb,meet,,,POINT,104.635,104.635,NA,,
qi_cam34_exp3_a2_8wp,2023-08-31 13:47:49,,D:/desktop/Qi_DenfenseBeh/BorisData/exp3_a2a3/qicam34exp3after2t202301071508_20230107_150743.mp4,1454.440,25.0,8,wp,bb,meet,,,POINT,106.370,106.370,NA,,
qi_cam34_exp3_a2_8wp,2023-08-31 13:47:49,,D:/desktop/Qi_DenfenseBeh/BorisData/exp3_a2a3/qicam34exp3after2t202301071508_20230107_150743.mp4,1454.440,25.0,8,wp,bo,meet,,,POINT,107.118,107.118,NA,,
qi_cam34_exp3_a2_8n,2023-08-31 13:47:05,,D:/desktop/Qi_DenfenseBeh/BorisData/exp3_a2a3/qicam34exp3after2t202301071508_20230107_150743.mp4,1454.440,25.0,8,n,pg,meet,,,POINT,108.154,108.154,NA,,
qi_cam34_exp3_a2_8wp,2023-08-31 13:47:49,,D:/desktop/Qi_DenfenseBeh/BorisData/exp3_a2a3/qicam34exp3after2t202301071508_20230107_150743.mp4,1454.440,25.0,8,wp,oo,meet,,,POINT,109.376,109.376,NA,,
qi_cam34_exp3_a2_4n,2023-08-31 13:45:30,,D:/desktop/Qi_DenfenseBeh/BorisData/exp3_a2a3/qicam34exp3after2t202301071508_20230107_150743.mp4,1454.440,25.0,4,n,bo,meet,,,POINT,111.151,111.151,NA,,
qi_cam34_exp3_a2_8wl,2023-08-31 13:47:28,,D:/desktop/Qi_DenfenseBeh/BorisData/exp3_a2a3/qicam34exp3after2t202301071508_20230107_150743.mp4,1454.440,25.0,8,wl,bo,meet,,,POINT,111.910,111.910,NA,,
qi_cam34_exp3_a2_4n,2023-08-31 13:45:30,,D:/desktop/Qi_DenfenseBeh/BorisData/exp3_a2a3/qicam34exp3after2t202301071508_20230107_150743.mp4,1454.440,25.0,4,n,bo,sting,,,STATE,112.151,115.154,3.003,,
qi_cam34_exp3_a2_8wp,2023-08-31 13:47:49,,D:/desktop/Qi_DenfenseBeh/BorisData/exp3_a2a3/qicam34exp3after2t202301071508_20230107_150743.mp4,1454.440,25.0,8,wp,bo,meet,,,POINT,113.369,113.369,NA,,
qi_cam34_exp3_a2_8wl,2023-08-31 13:47:28,,D:/desktop/Qi_DenfenseBeh/BorisData/exp3_a2a3/qicam34exp3after2t202301071508_20230107_150743.mp4,1454.440,25.0,8,wl,bb,meet,,,POINT,116.160,116.160,NA,,
qi_cam34_exp3_a2_8wp,2023-08-31 13:47:49,,D:/desktop/Qi_DenfenseBeh/BorisData/exp3_a2a3/qicam34exp3after2t202301071508_20230107_150743.mp4,1454.440,25.0,8,wp,oo,meet,,,POINT,120.618,120.618,NA,,
qi_cam34_exp3_a2_8wl,2023-08-31 13:47:28,,D:/desktop/Qi_DenfenseBeh/BorisData/exp3_a2a3/qicam34exp3after2t202301071508_20230107_150743.mp4,1454.440,25.0,8,wl,pp,meet,,,POINT,120.655,120.655,NA,,
qi_cam34_exp3_a2_8wp,2023-08-31 13:47:49,,D:/desktop/Qi_DenfenseBeh/BorisData/exp3_a2a3/qicam34exp3after2t202301071508_20230107_150743.mp4,1454.440,25.0,8,wp,bb,meet,,,POINT,121.370,121.370,NA,,
qi_cam34_exp3_a2_8wl,2023-08-31 13:47:28,,D:/desktop/Qi_DenfenseBeh/BorisData/exp3_a2a3/qicam34exp3after2t202301071508_20230107_150743.mp4,1454.440,25.0,8,wl,pp,sting,,,STATE,121.402,192.906,71.504,,
qi_cam34_exp3_a2_8n,2023-08-31 13:47:05,,D:/desktop/Qi_DenfenseBeh/BorisData/exp3_a2a3/qicam34exp3after2t202301071508_20230107_150743.mp4,1454.440,25.0,8,n,pb,sting,,,STATE,121.654,357.152,235.498,,
qi_cam34_exp3_a2_8wp,2023-08-31 13:47:49,,D:/desktop/Qi_DenfenseBeh/BorisData/exp3_a2a3/qicam34exp3after2t202301071508_20230107_150743.mp4,1454.440,25.0,8,wp,go,meet,,,POINT,122.872,122.872,NA,,
qi_cam34_exp3_a2_8wl,2023-08-31 13:47:28,,D:/desktop/Qi_DenfenseBeh/BorisData/exp3_a2a3/qicam34exp3after2t202301071508_20230107_150743.mp4,1454.440,25.0,8,wl,gb,meet,,,POINT,126.164,126.164,NA,,
qi_cam34_exp3_a2_8wl,2023-08-31 13:47:28,,D:/desktop/Qi_DenfenseBeh/BorisData/exp3_a2a3/qicam34exp3after2t202301071508_20230107_150743.mp4,1454.440,25.0,8,wl,gb,sting,,,STATE,126.164,162.158,35.994,,
qi_cam34_exp3_a2_4wp,2023-08-31 13:46:48,,D:/desktop/Qi_DenfenseBeh/BorisData/exp3_a2a3/qicam34exp3after2t202301071508_20230107_150743.mp4,1454.440,25.0,4,wp,oo,meet,,,POINT,126.411,126.411,NA,,
qi_cam34_exp3_a2_4wl,2023-08-31 13:46:24,,D:/desktop/Qi_DenfenseBeh/BorisData/exp3_a2a3/qicam34exp3after2t202301071508_20230107_150743.mp4,1454.440,25.0,4,wl,bo,meet,,,POINT,129.963,129.963,NA,,
qi_cam34_exp3_a2_8wp,2023-08-31 13:47:49,,D:/desktop/Qi_DenfenseBeh/BorisData/exp3_a2a3/qicam34exp3after2t202301071508_20230107_150743.mp4,1454.440,25.0,8,wp,pb,meet,,,POINT,130.135,130.135,NA,,
qi_cam34_exp3_a2_8wl,2023-08-31 13:47:28,,D:/desktop/Qi_DenfenseBeh/BorisData/exp3_a2a3/qicam34exp3after2t202301071508_20230107_150743.mp4,1454.440,25.0,8,wl,pb,meet,,,POINT,131.910,131.910,NA,,
qi_cam34_exp3_a2_8wl,2023-08-31 13:47:28,,D:/desktop/Qi_DenfenseBeh/BorisData/exp3_a2a3/qicam34exp3after2t202301071508_20230107_150743.mp4,1454.440,25.0,8,wl,pb,sting,,,STATE,135.660,166.914,31.254,,
qi_cam34_exp3_a2_8n,2023-08-31 13:47:05,,D:/desktop/Qi_DenfenseBeh/BorisData/exp3_a2a3/qicam34exp3after2t202301071508_20230107_150743.mp4,1454.440,25.0,8,n,gb,meet,,,POINT,141.901,141.901,NA,,
qi_cam34_exp3_a2_8wl,2023-08-31 13:47:28,,D:/desktop/Qi_DenfenseBeh/BorisData/exp3_a2a3/qicam34exp3after2t202301071508_20230107_150743.mp4,1454.440,25.0,8,wl,go,meet,,,POINT,141.908,141.908,NA,,
qi_cam34_exp3_a2_8wp,2023-08-31 13:47:49,,D:/desktop/Qi_DenfenseBeh/BorisData/exp3_a2a3/qicam34exp3after2t202301071508_20230107_150743.mp4,1454.440,25.0,8,wp,bb,meet,,,POINT,142.616,142.616,NA,,
qi_cam34_exp3_a2_8wp,2023-08-31 13:47:49,,D:/desktop/Qi_DenfenseBeh/BorisData/exp3_a2a3/qicam34exp3after2t202301071508_20230107_150743.mp4,1454.440,25.0,8,wp,gb,meet,,,POINT,145.377,145.377,NA,,
qi_cam34_exp3_a2_8n,2023-08-31 13:47:05,,D:/desktop/Qi_DenfenseBeh/BorisData/exp3_a2a3/qicam34exp3after2t202301071508_20230107_150743.mp4,1454.440,25.0,8,n,gb,sting,,,STATE,147.903,219.901,71.998,,
qi_cam34_exp3_a2_8wp,2023-08-31 13:47:49,,D:/desktop/Qi_DenfenseBeh/BorisData/exp3_a2a3/qicam34exp3after2t202301071508_20230107_150743.mp4,1454.440,25.0,8,wp,pb,meet,,,POINT,149.886,149.886,NA,,
qi_cam34_exp3_a2_8n,2023-08-31 13:47:05,,D:/desktop/Qi_DenfenseBeh/BorisData/exp3_a2a3/qicam34exp3after2t202301071508_20230107_150743.mp4,1454.440,25.0,8,n,go,meet,,,POINT,150.154,150.154,NA,,
qi_cam34_exp3_a2_4wp,2023-08-31 13:46:48,,D:/desktop/Qi_DenfenseBeh/BorisData/exp3_a2a3/qicam34exp3after2t202301071508_20230107_150743.mp4,1454.440,25.0,4,wp,gb,meet,,,POINT,151.160,151.160,NA,,
qi_cam34_exp3_a2_8wp,2023-08-31 13:47:49,,D:/desktop/Qi_DenfenseBeh/BorisData/exp3_a2a3/qicam34exp3after2t202301071508_20230107_150743.mp4,1454.440,25.0,8,wp,oo,meet,,,POINT,153.122,153.122,NA,,
qi_cam34_exp3_a2_8wp,2023-08-31 13:47:49,,D:/desktop/Qi_DenfenseBeh/BorisData/exp3_a2a3/qicam34exp3after2t202301071508_20230107_150743.mp4,1454.440,25.0,8,wp,pp,meet,,,POINT,155.159,155.159,NA,,
qi_cam34_exp3_a2_4wp,2023-08-31 13:46:48,,D:/desktop/Qi_DenfenseBeh/BorisData/exp3_a2a3/qicam34exp3after2t202301071508_20230107_150743.mp4,1454.440,25.0,4,wp,bo,meet,,,POINT,156.573,156.573,NA,,
qi_cam34_exp3_a2_4wp,2023-08-31 13:46:48,,D:/desktop/Qi_DenfenseBeh/BorisData/exp3_a2a3/qicam34exp3after2t202301071508_20230107_150743.mp4,1454.440,25.0,4,wp,go,meet,,,POINT,156.600,156.600,NA,,
qi_cam34_exp3_a2_8wp,2023-08-31 13:47:49,,D:/desktop/Qi_DenfenseBeh/BorisData/exp3_a2a3/qicam34exp3after2t202301071508_20230107_150743.mp4,1454.440,25.0,8,wp,bo,meet,,,POINT,160.627,160.627,NA,,
qi_cam34_exp3_a2_8wl,2023-08-31 13:47:28,,D:/desktop/Qi_DenfenseBeh/BorisData/exp3_a2a3/qicam34exp3after2t202301071508_20230107_150743.mp4,1454.440,25.0,8,wl,bo,meet,,,POINT,165.908,165.908,NA,,
qi_cam34_exp3_a2_8wp,2023-08-31 13:47:49,,D:/desktop/Qi_DenfenseBeh/BorisData/exp3_a2a3/qicam34exp3after2t202301071508_20230107_150743.mp4,1454.440,25.0,8,wp,go,meet,,,POINT,166.372,166.372,NA,,
qi_cam34_exp3_a2_8wp,2023-08-31 13:47:49,,D:/desktop/Qi_DenfenseBeh/BorisData/exp3_a2a3/qicam34exp3after2t202301071508_20230107_150743.mp4,1454.440,25.0,8,wp,oo,meet,,,POINT,166.620,166.620,NA,,
qi_cam34_exp3_a2_8wp,2023-08-31 13:47:49,,D:/desktop/Qi_DenfenseBeh/BorisData/exp3_a2a3/qicam34exp3after2t202301071508_20230107_150743.mp4,1454.440,25.0,8,wp,bo,sting,,,STATE,170.369,171.869,1.500,,
qi_cam34_exp3_a2_8wl,2023-08-31 13:47:28,,D:/desktop/Qi_DenfenseBeh/BorisData/exp3_a2a3/qicam34exp3after2t202301071508_20230107_150743.mp4,1454.440,25.0,8,wl,pb,meet,,,POINT,170.655,170.655,NA,,
qi_cam34_exp3_a2_8wl,2023-08-31 13:47:28,,D:/desktop/Qi_DenfenseBeh/BorisData/exp3_a2a3/qicam34exp3after2t202301071508_20230107_150743.mp4,1454.440,25.0,8,wl,pb,sting,,,STATE,172.160,183.158,10.998,,
qi_cam34_exp3_a2_4wp,2023-08-31 13:46:48,,D:/desktop/Qi_DenfenseBeh/BorisData/exp3_a2a3/qicam34exp3after2t202301071508_20230107_150743.mp4,1454.440,25.0,4,wp,oo,meet,,,POINT,175.155,175.155,NA,,
qi_cam34_exp3_a2_4n,2023-08-31 13:45:30,,D:/desktop/Qi_DenfenseBeh/BorisData/exp3_a2a3/qicam34exp3after2t202301071508_20230107_150743.mp4,1454.440,25.0,4,n,bo,meet,,,POINT,181.154,181.154,NA,,
qi_cam34_exp3_a2_8wp,2023-08-31 13:47:49,,D:/desktop/Qi_DenfenseBeh/BorisData/exp3_a2a3/qicam34exp3after2t202301071508_20230107_150743.mp4,1454.440,25.0,8,wp,pb,meet,,,POINT,181.381,181.381,NA,,
qi_cam34_exp3_a2_8wl,2023-08-31 13:47:28,,D:/desktop/Qi_DenfenseBeh/BorisData/exp3_a2a3/qicam34exp3after2t202301071508_20230107_150743.mp4,1454.440,25.0,8,wl,go,meet,,,POINT,183.912,183.912,NA,,
qi_cam34_exp3_a2_8wl,2023-08-31 13:47:28,,D:/desktop/Qi_DenfenseBeh/BorisData/exp3_a2a3/qicam34exp3after2t202301071508_20230107_150743.mp4,1454.440,25.0,8,wl,bo,meet,,,POINT,185.408,185.408,NA,,
qi_cam34_exp3_a2_8wp,2023-08-31 13:47:49,,D:/desktop/Qi_DenfenseBeh/BorisData/exp3_a2a3/qicam34exp3after2t202301071508_20230107_150743.mp4,1454.440,25.0,8,wp,bb,meet,,,POINT,186.119,186.119,NA,,
qi_cam34_exp3_a2_4wp,2023-08-31 13:46:48,,D:/desktop/Qi_DenfenseBeh/BorisData/exp3_a2a3/qicam34exp3after2t202301071508_20230107_150743.mp4,1454.440,25.0,4,wp,gb,meet,,,POINT,186.411,186.411,NA,,
qi_cam34_exp3_a2_8wl,2023-08-31 13:47:28,,D:/desktop/Qi_DenfenseBeh/BorisData/exp3_a2a3/qicam34exp3after2t202301071508_20230107_150743.mp4,1454.440,25.0,8,wl,bb,meet,,,POINT,188.166,188.166,NA,,
qi_cam34_exp3_a2_8wp,2023-08-31 13:47:49,,D:/desktop/Qi_DenfenseBeh/BorisData/exp3_a2a3/qicam34exp3after2t202301071508_20230107_150743.mp4,1454.440,25.0,8,wp,oo,meet,,,POINT,190.620,190.620,NA,,
qi_cam34_exp3_a2_4n,2023-08-31 13:45:30,,D:/desktop/Qi_DenfenseBeh/BorisData/exp3_a2a3/qicam34exp3after2t202301071508_20230107_150743.mp4,1454.440,25.0,4,n,go,meet,,,POINT,190.654,190.654,NA,,
qi_cam34_exp3_a2_8wl,2023-08-31 13:47:28,,D:/desktop/Qi_DenfenseBeh/BorisData/exp3_a2a3/qicam34exp3after2t202301071508_20230107_150743.mp4,1454.440,25.0,8,wl,gb,meet,,,POINT,191.416,191.416,NA,,
qi_cam34_exp3_a2_8wl,2023-08-31 13:47:28,,D:/desktop/Qi_DenfenseBeh/BorisData/exp3_a2a3/qicam34exp3after2t202301071508_20230107_150743.mp4,1454.440,25.0,8,wl,gb,sting,,,STATE,192.162,266.412,74.250,,
qi_cam34_exp3_a2_8wl,2023-08-31 13:47:28,,D:/desktop/Qi_DenfenseBeh/BorisData/exp3_a2a3/qicam34exp3after2t202301071508_20230107_150743.mp4,1454.440,25.0,8,wl,bo,sting,,,STATE,193.658,197.408,3.750,,
qi_cam34_exp3_a2_4wp,2023-08-31 13:46:48,,D:/desktop/Qi_DenfenseBeh/BorisData/exp3_a2a3/qicam34exp3after2t202301071508_20230107_150743.mp4,1454.440,25.0,4,wp,oo,meet,,,POINT,193.906,193.906,NA,,
qi_cam34_exp3_a2_4n,2023-08-31 13:45:30,,D:/desktop/Qi_DenfenseBeh/BorisData/exp3_a2a3/qicam34exp3after2t202301071508_20230107_150743.mp4,1454.440,25.0,4,n,bo,meet,,,POINT,194.151,194.151,NA,,
qi_cam34_exp3_a2_8wl,2023-08-31 13:47:28,,D:/desktop/Qi_DenfenseBeh/BorisData/exp3_a2a3/qicam34exp3after2t202301071508_20230107_150743.mp4,1454.440,25.0,8,wl,go,meet,,,POINT,195.158,195.158,NA,,
qi_cam34_exp3_a2_8wp,2023-08-31 13:47:49,,D:/desktop/Qi_DenfenseBeh/BorisData/exp3_a2a3/qicam34exp3after2t202301071508_20230107_150743.mp4,1454.440,25.0,8,wp,gb,meet,,,POINT,195.623,195.623,NA,,
qi_cam34_exp3_a2_8wp,2023-08-31 13:47:49,,D:/desktop/Qi_DenfenseBeh/BorisData/exp3_a2a3/qicam34exp3after2t202301071508_20230107_150743.mp4,1454.440,25.0,8,wp,gb,sting,,,STATE,197.877,199.379,1.502,,
qi_cam34_exp3_a2_4wp,2023-08-31 13:46:48,,D:/desktop/Qi_DenfenseBeh/BorisData/exp3_a2a3/qicam34exp3after2t202301071508_20230107_150743.mp4,1454.440,25.0,4,wp,gb,meet,,,POINT,199.902,199.902,NA,,
qi_cam34_exp3_a2_8wp,2023-08-31 13:47:49,,D:/desktop/Qi_DenfenseBeh/BorisData/exp3_a2a3/qicam34exp3after2t202301071508_20230107_150743.mp4,1454.440,25.0,8,wp,pb,meet,,,POINT,201.632,201.632,NA,,
qi_cam34_exp3_a2_8n,2023-08-31 13:47:05,,D:/desktop/Qi_DenfenseBeh/BorisData/exp3_a2a3/qicam34exp3after2t202301071508_20230107_150743.mp4,1454.440,25.0,8,n,go,meet,,,POINT,207.654,207.654,NA,,
qi_cam34_exp3_a2_8wp,2023-08-31 13:47:49,,D:/desktop/Qi_DenfenseBeh/BorisData/exp3_a2a3/qicam34exp3after2t202301071508_20230107_150743.mp4,1454.440,25.0,8,wp,oo,meet,,,POINT,210.127,210.127,NA,,
qi_cam34_exp3_a2_8wp,2023-08-31 13:47:49,,D:/desktop/Qi_DenfenseBeh/BorisData/exp3_a2a3/qicam34exp3after2t202301071508_20230107_150743.mp4,1454.440,25.0,8,wp,pb,meet,,,POINT,212.881,212.881,NA,,
qi_cam34_exp3_a2_8wl,2023-08-31 13:47:28,,D:/desktop/Qi_DenfenseBeh/BorisData/exp3_a2a3/qicam34exp3after2t202301071508_20230107_150743.mp4,1454.440,25.0,8,wl,bb,meet,,,POINT,214.664,214.664,NA,,
qi_cam34_exp3_a2_8wl,2023-08-31 13:47:28,,D:/desktop/Qi_DenfenseBeh/BorisData/exp3_a2a3/qicam34exp3after2t202301071508_20230107_150743.mp4,1454.440,25.0,8,wl,bb,sting,,,STATE,216.912,243.912,27.000,,
qi_cam34_exp3_a2_8wp,2023-08-31 13:47:49,,D:/desktop/Qi_DenfenseBeh/BorisData/exp3_a2a3/qicam34exp3after2t202301071508_20230107_150743.mp4,1454.440,25.0,8,wp,gb,meet,,,POINT,218.132,218.132,NA,,
qi_cam34_exp3_a2_8wl,2023-08-31 13:47:28,,D:/desktop/Qi_DenfenseBeh/BorisData/exp3_a2a3/qicam34exp3after2t202301071508_20230107_150743.mp4,1454.440,25.0,8,wl,bo,meet,,,POINT,221.416,221.416,NA,,
qi_cam34_exp3_a2_4n,2023-08-31 13:45:30,,D:/desktop/Qi_DenfenseBeh/BorisData/exp3_a2a3/qicam34exp3after2t202301071508_20230107_150743.mp4,1454.440,25.0,4,n,go,meet,,,POINT,221.651,221.651,NA,,
qi_cam34_exp3_a2_8wp,2023-08-31 13:47:49,,D:/desktop/Qi_DenfenseBeh/BorisData/exp3_a2a3/qicam34exp3after2t202301071508_20230107_150743.mp4,1454.440,25.0,8,wp,bo,meet,,,POINT,222.873,222.873,NA,,
qi_cam34_exp3_a2_8wp,2023-08-31 13:47:49,,D:/desktop/Qi_DenfenseBeh/BorisData/exp3_a2a3/qicam34exp3after2t202301071508_20230107_150743.mp4,1454.440,25.0,8,wp,oo,meet,,,POINT,229.629,229.629,NA,,
qi_cam34_exp3_a2_8wp,2023-08-31 13:47:49,,D:/desktop/Qi_DenfenseBeh/BorisData/exp3_a2a3/qicam34exp3after2t202301071508_20230107_150743.mp4,1454.440,25.0,8,wp,bb,meet,,,POINT,232.116,232.116,NA,,
qi_cam34_exp3_a2_4wl,2023-08-31 13:46:24,,D:/desktop/Qi_DenfenseBeh/BorisData/exp3_a2a3/qicam34exp3after2t202301071508_20230107_150743.mp4,1454.440,25.0,4,wl,gb,meet,,,POINT,233.401,233.401,NA,,
qi_cam34_exp3_a2_4wl,2023-08-31 13:46:24,,D:/desktop/Qi_DenfenseBeh/BorisData/exp3_a2a3/qicam34exp3after2t202301071508_20230107_150743.mp4,1454.440,25.0,4,wl,gb,sting,,,STATE,234.903,239.403,4.500,,
qi_cam34_exp3_a2_8wl,2023-08-31 13:47:28,,D:/desktop/Qi_DenfenseBeh/BorisData/exp3_a2a3/qicam34exp3after2t202301071508_20230107_150743.mp4,1454.440,25.0,8,wl,pp,meet,,,POINT,239.651,239.651,NA,,
qi_cam34_exp3_a2_4wp,2023-08-31 13:46:48,,D:/desktop/Qi_DenfenseBeh/BorisData/exp3_a2a3/qicam34exp3after2t202301071508_20230107_150743.mp4,1454.440,25.0,4,wp,oo,meet,,,POINT,239.657,239.657,NA,,
qi_cam34_exp3_a2_4n,2023-08-31 13:45:30,,D:/desktop/Qi_DenfenseBeh/BorisData/exp3_a2a3/qicam34exp3after2t202301071508_20230107_150743.mp4,1454.440,25.0,4,n,go,meet,,,POINT,241.651,241.651,NA,,
qi_cam34_exp3_a2_8n,2023-08-31 13:47:05,,D:/desktop/Qi_DenfenseBeh/BorisData/exp3_a2a3/qicam34exp3after2t202301071508_20230107_150743.mp4,1454.440,25.0,8,n,go,meet,,,POINT,242.901,242.901,NA,,
qi_cam34_exp3_a2_8wl,2023-08-31 13:47:28,,D:/desktop/Qi_DenfenseBeh/BorisData/exp3_a2a3/qicam34exp3after2t202301071508_20230107_150743.mp4,1454.440,25.0,8,wl,go,meet,,,POINT,245.414,245.414,NA,,
qi_cam34_exp3_a2_8wp,2023-08-31 13:47:49,,D:/desktop/Qi_DenfenseBeh/BorisData/exp3_a2a3/qicam34exp3after2t202301071508_20230107_150743.mp4,1454.440,25.0,8,wp,go,meet,,,POINT,246.619,246.619,NA,,
qi_cam34_exp3_a2_8wl,2023-08-31 13:47:28,,D:/desktop/Qi_DenfenseBeh/BorisData/exp3_a2a3/qicam34exp3after2t202301071508_20230107_150743.mp4,1454.440,25.0,8,wl,bb,meet,,,POINT,249.164,249.164,NA,,
qi_cam34_exp3_a2_8wl,2023-08-31 13:47:28,,D:/desktop/Qi_DenfenseBeh/BorisData/exp3_a2a3/qicam34exp3after2t202301071508_20230107_150743.mp4,1454.440,25.0,8,wl,pp,meet,,,POINT,254.653,254.653,NA,,
qi_cam34_exp3_a2_4wp,2023-08-31 13:46:48,,D:/desktop/Qi_DenfenseBeh/BorisData/exp3_a2a3/qicam34exp3after2t202301071508_20230107_150743.mp4,1454.440,25.0,4,wp,bo,meet,,,POINT,254.824,254.824,NA,,
qi_cam34_exp3_a2_8wl,2023-08-31 13:47:28,,D:/desktop/Qi_DenfenseBeh/BorisData/exp3_a2a3/qicam34exp3after2t202301071508_20230107_150743.mp4,1454.440,25.0,8,wl,bo,meet,,,POINT,256.666,256.666,NA,,
qi_cam34_exp3_a2_8wp,2023-08-31 13:47:49,,D:/desktop/Qi_DenfenseBeh/BorisData/exp3_a2a3/qicam34exp3after2t202301071508_20230107_150743.mp4,1454.440,25.0,8,wp,oo,meet,,,POINT,258.120,258.120,NA,,
qi_cam34_exp3_a2_4wp,2023-08-31 13:46:48,,D:/desktop/Qi_DenfenseBeh/BorisData/exp3_a2a3/qicam34exp3after2t202301071508_20230107_150743.mp4,1454.440,25.0,4,wp,gb,meet,,,POINT,258.153,258.153,NA,,
qi_cam34_exp3_a2_4wp,2023-08-31 13:46:48,,D:/desktop/Qi_DenfenseBeh/BorisData/exp3_a2a3/qicam34exp3after2t202301071508_20230107_150743.mp4,1454.440,25.0,4,wp,go,meet,,,POINT,260.344,260.344,NA,,
qi_cam34_exp3_a2_4wp,2023-08-31 13:46:48,,D:/desktop/Qi_DenfenseBeh/BorisData/exp3_a2a3/qicam34exp3after2t202301071508_20230107_150743.mp4,1454.440,25.0,4,wp,bo,meet,,,POINT,260.828,260.828,NA,,
qi_cam34_exp3_a2_4wl,2023-08-31 13:46:24,,D:/desktop/Qi_DenfenseBeh/BorisData/exp3_a2a3/qicam34exp3after2t202301071508_20230107_150743.mp4,1454.440,25.0,4,wl,bo,meet,,,POINT,261.211,261.211,NA,,
qi_cam34_exp3_a2_4wp,2023-08-31 13:46:48,,D:/desktop/Qi_DenfenseBeh/BorisData/exp3_a2a3/qicam34exp3after2t202301071508_20230107_150743.mp4,1454.440,25.0,4,wp,go,sting,,,STATE,263.354,267.096,3.742,,
qi_cam34_exp3_a2_4wp,2023-08-31 13:46:48,,D:/desktop/Qi_DenfenseBeh/BorisData/exp3_a2a3/qicam34exp3after2t202301071508_20230107_150743.mp4,1454.440,25.0,4,wp,gb,meet,,,POINT,267.907,267.907,NA,,
qi_cam34_exp3_a2_4wp,2023-08-31 13:46:48,,D:/desktop/Qi_DenfenseBeh/BorisData/exp3_a2a3/qicam34exp3after2t202301071508_20230107_150743.mp4,1454.440,25.0,4,wp,bo,meet,,,POINT,268.321,268.321,NA,,
qi_cam34_exp3_a2_8n,2023-08-31 13:47:05,,D:/desktop/Qi_DenfenseBeh/BorisData/exp3_a2a3/qicam34exp3after2t202301071508_20230107_150743.mp4,1454.440,25.0,8,n,pg,meet,,,POINT,269.403,269.403,NA,,
qi_cam34_exp3_a2_8wl,2023-08-31 13:47:28,,D:/desktop/Qi_DenfenseBeh/BorisData/exp3_a2a3/qicam34exp3after2t202301071508_20230107_150743.mp4,1454.440,25.0,8,wl,pp,meet,,,POINT,269.653,269.653,NA,,
qi_cam34_exp3_a2_8wl,2023-08-31 13:47:28,,D:/desktop/Qi_DenfenseBeh/BorisData/exp3_a2a3/qicam34exp3after2t202301071508_20230107_150743.mp4,1454.440,25.0,8,wl,pp,sting,,,STATE,271.902,307.153,35.251,,
qi_cam34_exp3_a2_4wp,2023-08-31 13:46:48,,D:/desktop/Qi_DenfenseBeh/BorisData/exp3_a2a3/qicam34exp3after2t202301071508_20230107_150743.mp4,1454.440,25.0,4,wp,go,meet,,,POINT,274.600,274.600,NA,,
qi_cam34_exp3_a2_4wl,2023-08-31 13:46:24,,D:/desktop/Qi_DenfenseBeh/BorisData/exp3_a2a3/qicam34exp3after2t202301071508_20230107_150743.mp4,1454.440,25.0,4,wl,gb,meet,,,POINT,275.654,275.654,NA,,
qi_cam34_exp3_a2_8wl,2023-08-31 13:47:28,,D:/desktop/Qi_DenfenseBeh/BorisData/exp3_a2a3/qicam34exp3after2t202301071508_20230107_150743.mp4,1454.440,25.0,8,wl,gb,meet,,,POINT,277.414,277.414,NA,,
qi_cam34_exp3_a2_8wl,2023-08-31 13:47:28,,D:/desktop/Qi_DenfenseBeh/BorisData/exp3_a2a3/qicam34exp3after2t202301071508_20230107_150743.mp4,1454.440,25.0,8,wl,gb,sting,,,STATE,281.916,291.668,9.752,,
qi_cam34_exp3_a2_8wp,2023-08-31 13:47:49,,D:/desktop/Qi_DenfenseBeh/BorisData/exp3_a2a3/qicam34exp3after2t202301071508_20230107_150743.mp4,1454.440,25.0,8,wp,oo,meet,,,POINT,285.118,285.118,NA,,
qi_cam34_exp3_a2_8wl,2023-08-31 13:47:28,,D:/desktop/Qi_DenfenseBeh/BorisData/exp3_a2a3/qicam34exp3after2t202301071508_20230107_150743.mp4,1454.440,25.0,8,wl,bb,meet,,,POINT,285.168,285.168,NA,,
qi_cam34_exp3_a2_8wl,2023-08-31 13:47:28,,D:/desktop/Qi_DenfenseBeh/BorisData/exp3_a2a3/qicam34exp3after2t202301071508_20230107_150743.mp4,1454.440,25.0,8,wl,bb,sting,,,STATE,287.410,298.660,11.250,,
qi_cam34_exp3_a2_4wp,2023-08-31 13:46:48,,D:/desktop/Qi_DenfenseBeh/BorisData/exp3_a2a3/qicam34exp3after2t202301071508_20230107_150743.mp4,1454.440,25.0,4,wp,go,meet,,,POINT,287.598,287.598,NA,,
qi_cam34_exp3_a2_4n,2023-08-31 13:45:30,,D:/desktop/Qi_DenfenseBeh/BorisData/exp3_a2a3/qicam34exp3after2t202301071508_20230107_150743.mp4,1454.440,25.0,4,n,go,meet,,,POINT,288.651,288.651,NA,,
qi_cam34_exp3_a2_8n,2023-08-31 13:47:05,,D:/desktop/Qi_DenfenseBeh/BorisData/exp3_a2a3/qicam34exp3after2t202301071508_20230107_150743.mp4,1454.440,25.0,8,n,oo,meet,,,POINT,289.652,289.652,NA,,
qi_cam34_exp3_a2_8wp,2023-08-31 13:47:49,,D:/desktop/Qi_DenfenseBeh/BorisData/exp3_a2a3/qicam34exp3after2t202301071508_20230107_150743.mp4,1454.440,25.0,8,wp,bo,meet,,,POINT,291.124,291.124,NA,,
qi_cam34_exp3_a2_8wp,2023-08-31 13:47:49,,D:/desktop/Qi_DenfenseBeh/BorisData/exp3_a2a3/qicam34exp3after2t202301071508_20230107_150743.mp4,1454.440,25.0,8,wp,pp,meet,,,POINT,292.406,292.406,NA,,
qi_cam34_exp3_a2_8wl,2023-08-31 13:47:28,,D:/desktop/Qi_DenfenseBeh/BorisData/exp3_a2a3/qicam34exp3after2t202301071508_20230107_150743.mp4,1454.440,25.0,8,wl,pg,meet,,,POINT,292.655,292.655,NA,,
qi_cam34_exp3_a2_8n,2023-08-31 13:47:05,,D:/desktop/Qi_DenfenseBeh/BorisData/exp3_a2a3/qicam34exp3after2t202301071508_20230107_150743.mp4,1454.440,25.0,8,n,go,meet,,,POINT,294.652,294.652,NA,,
qi_cam34_exp3_a2_8wl,2023-08-31 13:47:28,,D:/desktop/Qi_DenfenseBeh/BorisData/exp3_a2a3/qicam34exp3after2t202301071508_20230107_150743.mp4,1454.440,25.0,8,wl,go,meet,,,POINT,297.914,297.914,NA,,
qi_cam34_exp3_a2_4wp,2023-08-31 13:46:48,,D:/desktop/Qi_DenfenseBeh/BorisData/exp3_a2a3/qicam34exp3after2t202301071508_20230107_150743.mp4,1454.440,25.0,4,wp,bo,meet,,,POINT,305.068,305.068,NA,,
qi_cam34_exp3_a2_4n,2023-08-31 13:45:30,,D:/desktop/Qi_DenfenseBeh/BorisData/exp3_a2a3/qicam34exp3after2t202301071508_20230107_150743.mp4,1454.440,25.0,4,n,bo,meet,,,POINT,308.154,308.154,NA,,
qi_cam34_exp3_a2_4wp,2023-08-31 13:46:48,,D:/desktop/Qi_DenfenseBeh/BorisData/exp3_a2a3/qicam34exp3after2t202301071508_20230107_150743.mp4,1454.440,25.0,4,wp,gb,meet,,,POINT,309.907,309.907,NA,,
qi_cam34_exp3_a2_8wp,2023-08-31 13:47:49,,D:/desktop/Qi_DenfenseBeh/BorisData/exp3_a2a3/qicam34exp3after2t202301071508_20230107_150743.mp4,1454.440,25.0,8,wp,oo,meet,,,POINT,311.373,311.373,NA,,
qi_cam34_exp3_a2_4wp,2023-08-31 13:46:48,,D:/desktop/Qi_DenfenseBeh/BorisData/exp3_a2a3/qicam34exp3after2t202301071508_20230107_150743.mp4,1454.440,25.0,4,wp,go,meet,,,POINT,313.093,313.093,NA,,
qi_cam34_exp3_a2_4wp,2023-08-31 13:46:48,,D:/desktop/Qi_DenfenseBeh/BorisData/exp3_a2a3/qicam34exp3after2t202301071508_20230107_150743.mp4,1454.440,25.0,4,wp,bo,meet,,,POINT,314.073,314.073,NA,,
qi_cam34_exp3_a2_8wp,2023-08-31 13:47:49,,D:/desktop/Qi_DenfenseBeh/BorisData/exp3_a2a3/qicam34exp3after2t202301071508_20230107_150743.mp4,1454.440,25.0,8,wp,pb,meet,,,POINT,315.391,315.391,NA,,
qi_cam34_exp3_a2_8wl,2023-08-31 13:47:28,,D:/desktop/Qi_DenfenseBeh/BorisData/exp3_a2a3/qicam34exp3after2t202301071508_20230107_150743.mp4,1454.440,25.0,8,wl,bb,meet,,,POINT,316.664,316.664,NA,,
qi_cam34_exp3_a2_8wl,2023-08-31 13:47:28,,D:/desktop/Qi_DenfenseBeh/BorisData/exp3_a2a3/qicam34exp3after2t202301071508_20230107_150743.mp4,1454.440,25.0,8,wl,gb,meet,,,POINT,317.158,317.158,NA,,
qi_cam34_exp3_a2_8wl,2023-08-31 13:47:28,,D:/desktop/Qi_DenfenseBeh/BorisData/exp3_a2a3/qicam34exp3after2t202301071508_20230107_150743.mp4,1454.440,25.0,8,wl,bb,sting,,,STATE,317.416,343.662,26.246,,
qi_cam34_exp3_a2_8wl,2023-08-31 13:47:28,,D:/desktop/Qi_DenfenseBeh/BorisData/exp3_a2a3/qicam34exp3after2t202301071508_20230107_150743.mp4,1454.440,25.0,8,wl,go,sting,,,STATE,318.166,351.908,33.742,,
qi_cam34_exp3_a2_8wp,2023-08-31 13:47:49,,D:/desktop/Qi_DenfenseBeh/BorisData/exp3_a2a3/qicam34exp3after2t202301071508_20230107_150743.mp4,1454.440,25.0,8,wp,gb,meet,,,POINT,328.377,328.377,NA,,
qi_cam34_exp3_a2_8wp,2023-08-31 13:47:49,,D:/desktop/Qi_DenfenseBeh/BorisData/exp3_a2a3/qicam34exp3after2t202301071508_20230107_150743.mp4,1454.440,25.0,8,wp,bo,meet,,,POINT,332.366,332.366,NA,,
qi_cam34_exp3_a2_4wp,2023-08-31 13:46:48,,D:/desktop/Qi_DenfenseBeh/BorisData/exp3_a2a3/qicam34exp3after2t202301071508_20230107_150743.mp4,1454.440,25.0,4,wp,gb,meet,,,POINT,334.658,334.658,NA,,
qi_cam34_exp3_a2_4wp,2023-08-31 13:46:48,,D:/desktop/Qi_DenfenseBeh/BorisData/exp3_a2a3/qicam34exp3after2t202301071508_20230107_150743.mp4,1454.440,25.0,4,wp,oo,meet,,,POINT,343.655,343.655,NA,,
qi_cam34_exp3_a2_8n,2023-08-31 13:47:05,,D:/desktop/Qi_DenfenseBeh/BorisData/exp3_a2a3/qicam34exp3after2t202301071508_20230107_150743.mp4,1454.440,25.0,8,n,gb,meet,,,POINT,345.154,345.154,NA,,
qi_cam34_exp3_a2_8wl,2023-08-31 13:47:28,,D:/desktop/Qi_DenfenseBeh/BorisData/exp3_a2a3/qicam34exp3after2t202301071508_20230107_150743.mp4,1454.440,25.0,8,wl,pg,meet,,,POINT,345.660,345.660,NA,,
qi_cam34_exp3_a2_4wp,2023-08-31 13:46:48,,D:/desktop/Qi_DenfenseBeh/BorisData/exp3_a2a3/qicam34exp3after2t202301071508_20230107_150743.mp4,1454.440,25.0,4,wp,go,meet,,,POINT,346.847,346.847,NA,,
qi_cam34_exp3_a2_8wl,2023-08-31 13:47:28,,D:/desktop/Qi_DenfenseBeh/BorisData/exp3_a2a3/qicam34exp3after2t202301071508_20230107_150743.mp4,1454.440,25.0,8,wl,pg,sting,,,STATE,347.153,370.405,23.252,,
qi_cam34_exp3_a2_8n,2023-08-31 13:47:05,,D:/desktop/Qi_DenfenseBeh/BorisData/exp3_a2a3/qicam34exp3after2t202301071508_20230107_150743.mp4,1454.440,25.0,8,n,oo,meet,,,POINT,348.901,348.901,NA,,
qi_cam34_exp3_a2_4wp,2023-08-31 13:46:48,,D:/desktop/Qi_DenfenseBeh/BorisData/exp3_a2a3/qicam34exp3after2t202301071508_20230107_150743.mp4,1454.440,25.0,4,wp,gb,meet,,,POINT,354.907,354.907,NA,,
qi_cam34_exp3_a2_4n,2023-08-31 13:45:30,,D:/desktop/Qi_DenfenseBeh/BorisData/exp3_a2a3/qicam34exp3after2t202301071508_20230107_150743.mp4,1454.440,25.0,4,n,go,meet,,,POINT,356.651,356.651,NA,,
qi_cam34_exp3_a2_4wp,2023-08-31 13:46:48,,D:/desktop/Qi_DenfenseBeh/BorisData/exp3_a2a3/qicam34exp3after2t202301071508_20230107_150743.mp4,1454.440,25.0,4,wp,bo,meet,,,POINT,357.817,357.817,NA,,
qi_cam34_exp3_a2_8wl,2023-08-31 13:47:28,,D:/desktop/Qi_DenfenseBeh/BorisData/exp3_a2a3/qicam34exp3after2t202301071508_20230107_150743.mp4,1454.440,25.0,8,wl,go,meet,,,POINT,361.660,361.660,NA,,
qi_cam34_exp3_a2_8wp,2023-08-31 13:47:49,,D:/desktop/Qi_DenfenseBeh/BorisData/exp3_a2a3/qicam34exp3after2t202301071508_20230107_150743.mp4,1454.440,25.0,8,wp,bo,meet,,,POINT,364.627,364.627,NA,,
qi_cam34_exp3_a2_8wl,2023-08-31 13:47:28,,D:/desktop/Qi_DenfenseBeh/BorisData/exp3_a2a3/qicam34exp3after2t202301071508_20230107_150743.mp4,1454.440,25.0,8,wl,bb,meet,,,POINT,364.666,364.666,NA,,
qi_cam34_exp3_a2_4n,2023-08-31 13:45:30,,D:/desktop/Qi_DenfenseBeh/BorisData/exp3_a2a3/qicam34exp3after2t202301071508_20230107_150743.mp4,1454.440,25.0,4,n,go,sting,,,STATE,365.651,368.654,3.003,,
qi_cam34_exp3_a2_8n,2023-08-31 13:47:05,,D:/desktop/Qi_DenfenseBeh/BorisData/exp3_a2a3/qicam34exp3after2t202301071508_20230107_150743.mp4,1454.440,25.0,8,n,gb,sting,,,STATE,370.659,454.656,83.997,,
qi_cam34_exp3_a2_8n,2023-08-31 13:47:05,,D:/desktop/Qi_DenfenseBeh/BorisData/exp3_a2a3/qicam34exp3after2t202301071508_20230107_150743.mp4,1454.440,25.0,8,n,pb,meet,,,POINT,373.654,373.654,NA,,
qi_cam34_exp3_a2_8wp,2023-08-31 13:47:49,,D:/desktop/Qi_DenfenseBeh/BorisData/exp3_a2a3/qicam34exp3after2t202301071508_20230107_150743.mp4,1454.440,25.0,8,wp,pb,meet,,,POINT,374.879,374.879,NA,,
qi_cam34_exp3_a2_8n,2023-08-31 13:47:05,,D:/desktop/Qi_DenfenseBeh/BorisData/exp3_a2a3/qicam34exp3after2t202301071508_20230107_150743.mp4,1454.440,25.0,8,n,go,meet,,,POINT,375.403,375.403,NA,,
qi_cam34_exp3_a2_4wp,2023-08-31 13:46:48,,D:/desktop/Qi_DenfenseBeh/BorisData/exp3_a2a3/qicam34exp3after2t202301071508_20230107_150743.mp4,1454.440,25.0,4,wp,oo,meet,,,POINT,378.657,378.657,NA,,
qi_cam34_exp3_a2_4n,2023-08-31 13:45:30,,D:/desktop/Qi_DenfenseBeh/BorisData/exp3_a2a3/qicam34exp3after2t202301071508_20230107_150743.mp4,1454.440,25.0,4,n,go,meet,,,POINT,384.654,384.654,NA,,
qi_cam34_exp3_a2_4n,2023-08-31 13:45:30,,D:/desktop/Qi_DenfenseBeh/BorisData/exp3_a2a3/qicam34exp3after2t202301071508_20230107_150743.mp4,1454.440,25.0,4,n,go,sting,,,STATE,387.651,432.654,45.003,,
qi_cam34_exp3_a2_8n,2023-08-31 13:47:05,,D:/desktop/Qi_DenfenseBeh/BorisData/exp3_a2a3/qicam34exp3after2t202301071508_20230107_150743.mp4,1454.440,25.0,8,n,go,meet,,,POINT,390.901,390.901,NA,,
qi_cam34_exp3_a2_8wl,2023-08-31 13:47:28,,D:/desktop/Qi_DenfenseBeh/BorisData/exp3_a2a3/qicam34exp3after2t202301071508_20230107_150743.mp4,1454.440,25.0,8,wl,bb,meet,,,POINT,391.414,391.414,NA,,
qi_cam34_exp3_a2_8wp,2023-08-31 13:47:49,,D:/desktop/Qi_DenfenseBeh/BorisData/exp3_a2a3/qicam34exp3after2t202301071508_20230107_150743.mp4,1454.440,25.0,8,wp,pg,meet,,,POINT,391.887,391.887,NA,,
qi_cam34_exp3_a2_8n,2023-08-31 13:47:05,,D:/desktop/Qi_DenfenseBeh/BorisData/exp3_a2a3/qicam34exp3after2t202301071508_20230107_150743.mp4,1454.440,25.0,8,n,pg,meet,,,POINT,392.401,392.401,NA,,
qi_cam34_exp3_a2_8wl,2023-08-31 13:47:28,,D:/desktop/Qi_DenfenseBeh/BorisData/exp3_a2a3/qicam34exp3after2t202301071508_20230107_150743.mp4,1454.440,25.0,8,wl,bb,sting,,,STATE,393.660,398.155,4.495,,
qi_cam34_exp3_a2_8wp,2023-08-31 13:47:49,,D:/desktop/Qi_DenfenseBeh/BorisData/exp3_a2a3/qicam34exp3after2t202301071508_20230107_150743.mp4,1454.440,25.0,8,wp,pg,sting,,,STATE,395.634,396.394,0.760,,
qi_cam34_exp3_a2_8n,2023-08-31 13:47:05,,D:/desktop/Qi_DenfenseBeh/BorisData/exp3_a2a3/qicam34exp3after2t202301071508_20230107_150743.mp4,1454.440,25.0,8,n,pb,meet,,,POINT,396.154,396.154,NA,,
qi_cam34_exp3_a2_8wp,2023-08-31 13:47:49,,D:/desktop/Qi_DenfenseBeh/BorisData/exp3_a2a3/qicam34exp3after2t202301071508_20230107_150743.mp4,1454.440,25.0,8,wp,go,meet,,,POINT,402.874,402.874,NA,,
qi_cam34_exp3_a2_8wp,2023-08-31 13:47:49,,D:/desktop/Qi_DenfenseBeh/BorisData/exp3_a2a3/qicam34exp3after2t202301071508_20230107_150743.mp4,1454.440,25.0,8,wp,pp,meet,,,POINT,408.654,408.654,NA,,
qi_cam34_exp3_a2_4wp,2023-08-31 13:46:48,,D:/desktop/Qi_DenfenseBeh/BorisData/exp3_a2a3/qicam34exp3after2t202301071508_20230107_150743.mp4,1454.440,25.0,4,wp,bo,meet,,,POINT,410.824,410.824,NA,,
qi_cam34_exp3_a2_8wp,2023-08-31 13:47:49,,D:/desktop/Qi_DenfenseBeh/BorisData/exp3_a2a3/qicam34exp3after2t202301071508_20230107_150743.mp4,1454.440,25.0,8,wp,pp,sting,,,STATE,410.906,418.408,7.502,,
qi_cam34_exp3_a2_8wp,2023-08-31 13:47:49,,D:/desktop/Qi_DenfenseBeh/BorisData/exp3_a2a3/qicam34exp3after2t202301071508_20230107_150743.mp4,1454.440,25.0,8,wp,bb,meet,,,POINT,415.868,415.868,NA,,
qi_cam34_exp3_a2_8n,2023-08-31 13:47:05,,D:/desktop/Qi_DenfenseBeh/BorisData/exp3_a2a3/qicam34exp3after2t202301071508_20230107_150743.mp4,1454.440,25.0,8,n,pb,sting,,,STATE,417.152,423.903,6.751,,
qi_cam34_exp3_a2_8wp,2023-08-31 13:47:49,,D:/desktop/Qi_DenfenseBeh/BorisData/exp3_a2a3/qicam34exp3after2t202301071508_20230107_150743.mp4,1454.440,25.0,8,wp,pb,meet,,,POINT,424.374,424.374,NA,,
qi_cam34_exp3_a2_4wp,2023-08-31 13:46:48,,D:/desktop/Qi_DenfenseBeh/BorisData/exp3_a2a3/qicam34exp3after2t202301071508_20230107_150743.mp4,1454.440,25.0,4,wp,go,meet,,,POINT,426.347,426.347,NA,,
qi_cam34_exp3_a2_8wp,2023-08-31 13:47:49,,D:/desktop/Qi_DenfenseBeh/BorisData/exp3_a2a3/qicam34exp3after2t202301071508_20230107_150743.mp4,1454.440,25.0,8,wp,pp,meet,,,POINT,427.152,427.152,NA,,
qi_cam34_exp3_a2_4n,2023-08-31 13:45:30,,D:/desktop/Qi_DenfenseBeh/BorisData/exp3_a2a3/qicam34exp3after2t202301071508_20230107_150743.mp4,1454.440,25.0,4,n,bo,meet,,,POINT,427.157,427.157,NA,,
qi_cam34_exp3_a2_8wl,2023-08-31 13:47:28,,D:/desktop/Qi_DenfenseBeh/BorisData/exp3_a2a3/qicam34exp3after2t202301071508_20230107_150743.mp4,1454.440,25.0,8,wl,bo,meet,,,POINT,427.164,427.164,NA,,
qi_cam34_exp3_a2_8wl,2023-08-31 13:47:28,,D:/desktop/Qi_DenfenseBeh/BorisData/exp3_a2a3/qicam34exp3after2t202301071508_20230107_150743.mp4,1454.440,25.0,8,wl,gb,meet,,,POINT,434.164,434.164,NA,,
qi_cam34_exp3_a2_8n,2023-08-31 13:47:05,,D:/desktop/Qi_DenfenseBeh/BorisData/exp3_a2a3/qicam34exp3after2t202301071508_20230107_150743.mp4,1454.440,25.0,8,n,pb,meet,,,POINT,435.901,435.901,NA,,
qi_cam34_exp3_a2_4wp,2023-08-31 13:46:48,,D:/desktop/Qi_DenfenseBeh/BorisData/exp3_a2a3/qicam34exp3after2t202301071508_20230107_150743.mp4,1454.440,25.0,4,wp,oo,meet,,,POINT,435.908,435.908,NA,,
qi_cam34_exp3_a2_8wp,2023-08-31 13:47:49,,D:/desktop/Qi_DenfenseBeh/BorisData/exp3_a2a3/qicam34exp3after2t202301071508_20230107_150743.mp4,1454.440,25.0,8,wp,oo,meet,,,POINT,438.129,438.129,NA,,
qi_cam34_exp3_a2_4wl,2023-08-31 13:46:24,,D:/desktop/Qi_DenfenseBeh/BorisData/exp3_a2a3/qicam34exp3after2t202301071508_20230107_150743.mp4,1454.440,25.0,4,wl,go,meet,,,POINT,438.216,438.216,NA,,
qi_cam34_exp3_a2_8wp,2023-08-31 13:47:49,,D:/desktop/Qi_DenfenseBeh/BorisData/exp3_a2a3/qicam34exp3after2t202301071508_20230107_150743.mp4,1454.440,25.0,8,wp,bb,meet,,,POINT,439.616,439.616,NA,,
qi_cam34_exp3_a2_4wp,2023-08-31 13:46:48,,D:/desktop/Qi_DenfenseBeh/BorisData/exp3_a2a3/qicam34exp3after2t202301071508_20230107_150743.mp4,1454.440,25.0,4,wp,go,meet,,,POINT,440.596,440.596,NA,,
qi_cam34_exp3_a2_8n,2023-08-31 13:47:05,,D:/desktop/Qi_DenfenseBeh/BorisData/exp3_a2a3/qicam34exp3after2t202301071508_20230107_150743.mp4,1454.440,25.0,8,n,go,meet,,,POINT,441.152,441.152,NA,,
qi_cam34_exp3_a2_4n,2023-08-31 13:45:30,,D:/desktop/Qi_DenfenseBeh/BorisData/exp3_a2a3/qicam34exp3after2t202301071508_20230107_150743.mp4,1454.440,25.0,4,n,oo,meet,,,POINT,444.651,444.651,NA,,
qi_cam34_exp3_a2_4wl,2023-08-31 13:46:24,,D:/desktop/Qi_DenfenseBeh/BorisData/exp3_a2a3/qicam34exp3after2t202301071508_20230107_150743.mp4,1454.440,25.0,4,wl,gb,meet,,,POINT,450.405,450.405,NA,,
qi_cam34_exp3_a2_4n,2023-08-31 13:45:30,,D:/desktop/Qi_DenfenseBeh/BorisData/exp3_a2a3/qicam34exp3after2t202301071508_20230107_150743.mp4,1454.440,25.0,4,n,go,meet,,,POINT,450.654,450.654,NA,,
qi_cam34_exp3_a2_4wp,2023-08-31 13:46:48,,D:/desktop/Qi_DenfenseBeh/BorisData/exp3_a2a3/qicam34exp3after2t202301071508_20230107_150743.mp4,1454.440,25.0,4,wp,gb,meet,,,POINT,451.656,451.656,NA,,
qi_cam34_exp3_a2_4n,2023-08-31 13:45:30,,D:/desktop/Qi_DenfenseBeh/BorisData/exp3_a2a3/qicam34exp3after2t202301071508_20230107_150743.mp4,1454.440,25.0,4,n,go,sting,,,STATE,453.651,463.654,10.003,,
qi_cam34_exp3_a2_8wl,2023-08-31 13:47:28,,D:/desktop/Qi_DenfenseBeh/BorisData/exp3_a2a3/qicam34exp3after2t202301071508_20230107_150743.mp4,1454.440,25.0,8,wl,pp,meet,,,POINT,454.902,454.902,NA,,
qi_cam34_exp3_a2_8wl,2023-08-31 13:47:28,,D:/desktop/Qi_DenfenseBeh/BorisData/exp3_a2a3/qicam34exp3after2t202301071508_20230107_150743.mp4,1454.440,25.0,8,wl,go,sting,,,STATE,457.414,558.666,101.252,,
qi_cam34_exp3_a2_4wp,2023-08-31 13:46:48,,D:/desktop/Qi_DenfenseBeh/BorisData/exp3_a2a3/qicam34exp3after2t202301071508_20230107_150743.mp4,1454.440,25.0,4,wp,gb,meet,,,POINT,467.402,467.402,NA,,
qi_cam34_exp3_a2_8wp,2023-08-31 13:47:49,,D:/desktop/Qi_DenfenseBeh/BorisData/exp3_a2a3/qicam34exp3after2t202301071508_20230107_150743.mp4,1454.440,25.0,8,wp,bo,meet,,,POINT,472.122,472.122,NA,,
qi_cam34_exp3_a2_8n,2023-08-31 13:47:05,,D:/desktop/Qi_DenfenseBeh/BorisData/exp3_a2a3/qicam34exp3after2t202301071508_20230107_150743.mp4,1454.440,25.0,8,n,pb,sting,,,STATE,472.652,645.903,173.251,,
qi_cam34_exp3_a2_8wl,2023-08-31 13:47:28,,D:/desktop/Qi_DenfenseBeh/BorisData/exp3_a2a3/qicam34exp3after2t202301071508_20230107_150743.mp4,1454.440,25.0,8,wl,bb,meet,,,POINT,478.410,478.410,NA,,
qi_cam34_exp3_a2_8wp,2023-08-31 13:47:49,,D:/desktop/Qi_DenfenseBeh/BorisData/exp3_a2a3/qicam34exp3after2t202301071508_20230107_150743.mp4,1454.440,25.0,8,wp,gb,meet,,,POINT,481.377,481.377,NA,,
qi_cam34_exp3_a2_4wl,2023-08-31 13:46:24,,D:/desktop/Qi_DenfenseBeh/BorisData/exp3_a2a3/qicam34exp3after2t202301071508_20230107_150743.mp4,1454.440,25.0,4,wl,bo,meet,,,POINT,481.468,481.468,NA,,
qi_cam34_exp3_a2_8wp,2023-08-31 13:47:49,,D:/desktop/Qi_DenfenseBeh/BorisData/exp3_a2a3/qicam34exp3after2t202301071508_20230107_150743.mp4,1454.440,25.0,8,wp,oo,meet,,,POINT,482.618,482.618,NA,,
qi_cam34_exp3_a2_4wp,2023-08-31 13:46:48,,D:/desktop/Qi_DenfenseBeh/BorisData/exp3_a2a3/qicam34exp3after2t202301071508_20230107_150743.mp4,1454.440,25.0,4,wp,oo,meet,,,POINT,485.657,485.657,NA,,
qi_cam34_exp3_a2_8wp,2023-08-31 13:47:49,,D:/desktop/Qi_DenfenseBeh/BorisData/exp3_a2a3/qicam34exp3after2t202301071508_20230107_150743.mp4,1454.440,25.0,8,wp,bb,meet,,,POINT,488.368,488.368,NA,,
qi_cam34_exp3_a2_4wp,2023-08-31 13:46:48,,D:/desktop/Qi_DenfenseBeh/BorisData/exp3_a2a3/qicam34exp3after2t202301071508_20230107_150743.mp4,1454.440,25.0,4,wp,gb,meet,,,POINT,489.904,489.904,NA,,
qi_cam34_exp3_a2_8wp,2023-08-31 13:47:49,,D:/desktop/Qi_DenfenseBeh/BorisData/exp3_a2a3/qicam34exp3after2t202301071508_20230107_150743.mp4,1454.440,25.0,8,wp,pb,meet,,,POINT,490.374,490.374,NA,,
qi_cam34_exp3_a2_4n,2023-08-31 13:45:30,,D:/desktop/Qi_DenfenseBeh/BorisData/exp3_a2a3/qicam34exp3after2t202301071508_20230107_150743.mp4,1454.440,25.0,4,n,bo,meet,,,POINT,493.151,493.151,NA,,
qi_cam34_exp3_a2_8wl,2023-08-31 13:47:28,,D:/desktop/Qi_DenfenseBeh/BorisData/exp3_a2a3/qicam34exp3after2t202301071508_20230107_150743.mp4,1454.440,25.0,8,wl,pp,meet,,,POINT,495.402,495.402,NA,,
qi_cam34_exp3_a2_8wp,2023-08-31 13:47:49,,D:/desktop/Qi_DenfenseBeh/BorisData/exp3_a2a3/qicam34exp3after2t202301071508_20230107_150743.mp4,1454.440,25.0,8,wp,bo,meet,,,POINT,497.620,497.620,NA,,
qi_cam34_exp3_a2_8wl,2023-08-31 13:47:28,,D:/desktop/Qi_DenfenseBeh/BorisData/exp3_a2a3/qicam34exp3after2t202301071508_20230107_150743.mp4,1454.440,25.0,8,wl,pp,sting,,,STATE,501.402,517.904,16.502,,
qi_cam34_exp3_a2_8n,2023-08-31 13:47:05,,D:/desktop/Qi_DenfenseBeh/BorisData/exp3_a2a3/qicam34exp3after2t202301071508_20230107_150743.mp4,1454.440,25.0,8,n,go,meet,,,POINT,502.652,502.652,NA,,
qi_cam34_exp3_a2_4n,2023-08-31 13:45:30,,D:/desktop/Qi_DenfenseBeh/BorisData/exp3_a2a3/qicam34exp3after2t202301071508_20230107_150743.mp4,1454.440,25.0,4,n,bo,sting,,,STATE,503.151,506.154,3.003,,
qi_cam34_exp3_a2_8n,2023-08-31 13:47:05,,D:/desktop/Qi_DenfenseBeh/BorisData/exp3_a2a3/qicam34exp3after2t202301071508_20230107_150743.mp4,1454.440,25.0,8,n,go,sting,,,STATE,507.905,513.901,5.996,,
qi_cam34_exp3_a2_4wl,2023-08-31 13:46:24,,D:/desktop/Qi_DenfenseBeh/BorisData/exp3_a2a3/qicam34exp3after2t202301071508_20230107_150743.mp4,1454.440,25.0,4,wl,go,meet,,,POINT,508.965,508.965,NA,,
qi_cam34_exp3_a2_4n,2023-08-31 13:45:30,,D:/desktop/Qi_DenfenseBeh/BorisData/exp3_a2a3/qicam34exp3after2t202301071508_20230107_150743.mp4,1454.440,25.0,4,n,go,meet,,,POINT,511.651,511.651,NA,,
qi_cam34_exp3_a2_8wp,2023-08-31 13:47:49,,D:/desktop/Qi_DenfenseBeh/BorisData/exp3_a2a3/qicam34exp3after2t202301071508_20230107_150743.mp4,1454.440,25.0,8,wp,pb,meet,,,POINT,513.386,513.386,NA,,
qi_cam34_exp3_a2_4n,2023-08-31 13:45:30,,D:/desktop/Qi_DenfenseBeh/BorisData/exp3_a2a3/qicam34exp3after2t202301071508_20230107_150743.mp4,1454.440,25.0,4,n,go,sting,,,STATE,519.654,538.651,18.997,,
qi_cam34_exp3_a2_8wp,2023-08-31 13:47:49,,D:/desktop/Qi_DenfenseBeh/BorisData/exp3_a2a3/qicam34exp3after2t202301071508_20230107_150743.mp4,1454.440,25.0,8,wp,bb,meet,,,POINT,520.619,520.619,NA,,
qi_cam34_exp3_a2_8n,2023-08-31 13:47:05,,D:/desktop/Qi_DenfenseBeh/BorisData/exp3_a2a3/qicam34exp3after2t202301071508_20230107_150743.mp4,1454.440,25.0,8,n,go,meet,,,POINT,524.401,524.401,NA,,
qi_cam34_exp3_a2_8n,2023-08-31 13:47:05,,D:/desktop/Qi_DenfenseBeh/BorisData/exp3_a2a3/qicam34exp3after2t202301071508_20230107_150743.mp4,1454.440,25.0,8,n,go,sting,,,STATE,526.652,531.901,5.249,,
qi_cam34_exp3_a2_8wp,2023-08-31 13:47:49,,D:/desktop/Qi_DenfenseBeh/BorisData/exp3_a2a3/qicam34exp3after2t202301071508_20230107_150743.mp4,1454.440,25.0,8,wp,pg,meet,,,POINT,527.145,527.145,NA,,
qi_cam34_exp3_a2_8wp,2023-08-31 13:47:49,,D:/desktop/Qi_DenfenseBeh/BorisData/exp3_a2a3/qicam34exp3after2t202301071508_20230107_150743.mp4,1454.440,25.0,8,wp,pg,meet,,,POINT,554.143,554.143,NA,,
qi_cam34_exp3_a2_8wl,2023-08-31 13:47:28,,D:/desktop/Qi_DenfenseBeh/BorisData/exp3_a2a3/qicam34exp3after2t202301071508_20230107_150743.mp4,1454.440,25.0,8,wl,bb,meet,,,POINT,554.155,554.155,NA,,
qi_cam34_exp3_a2_8wl,2023-08-31 13:47:28,,D:/desktop/Qi_DenfenseBeh/BorisData/exp3_a2a3/qicam34exp3after2t202301071508_20230107_150743.mp4,1454.440,25.0,8,wl,bb,sting,,,STATE,554.916,597.410,42.494,,
qi_cam34_exp3_a2_4wp,2023-08-31 13:46:48,,D:/desktop/Qi_DenfenseBeh/BorisData/exp3_a2a3/qicam34exp3after2t202301071508_20230107_150743.mp4,1454.440,25.0,4,wp,oo,meet,,,POINT,556.653,556.653,NA,,
qi_cam34_exp3_a2_8wl,2023-08-31 13:47:28,,D:/desktop/Qi_DenfenseBeh/BorisData/exp3_a2a3/qicam34exp3after2t202301071508_20230107_150743.mp4,1454.440,25.0,8,wl,bo,meet,,,POINT,557.660,557.660,NA,,
qi_cam34_exp3_a2_8wp,2023-08-31 13:47:49,,D:/desktop/Qi_DenfenseBeh/BorisData/exp3_a2a3/qicam34exp3after2t202301071508_20230107_150743.mp4,1454.440,25.0,8,wp,pp,meet,,,POINT,559.659,559.659,NA,,
qi_cam34_exp3_a2_8n,2023-08-31 13:47:05,,D:/desktop/Qi_DenfenseBeh/BorisData/exp3_a2a3/qicam34exp3after2t202301071508_20230107_150743.mp4,1454.440,25.0,8,n,bb,meet,,,POINT,562.903,562.903,NA,,
qi_cam34_exp3_a2_4wp,2023-08-31 13:46:48,,D:/desktop/Qi_DenfenseBeh/BorisData/exp3_a2a3/qicam34exp3after2t202301071508_20230107_150743.mp4,1454.440,25.0,4,wp,bo,meet,,,POINT,565.319,565.319,NA,,
qi_cam34_exp3_a2_8wp,2023-08-31 13:47:49,,D:/desktop/Qi_DenfenseBeh/BorisData/exp3_a2a3/qicam34exp3after2t202301071508_20230107_150743.mp4,1454.440,25.0,8,wp,bo,meet,,,POINT,572.624,572.624,NA,,
qi_cam34_exp3_a2_8wp,2023-08-31 13:47:49,,D:/desktop/Qi_DenfenseBeh/BorisData/exp3_a2a3/qicam34exp3after2t202301071508_20230107_150743.mp4,1454.440,25.0,8,wp,oo,meet,,,POINT,572.627,572.627,NA,,
qi_cam34_exp3_a2_4n,2023-08-31 13:45:30,,D:/desktop/Qi_DenfenseBeh/BorisData/exp3_a2a3/qicam34exp3after2t202301071508_20230107_150743.mp4,1454.440,25.0,4,n,go,meet,,,POINT,581.654,581.654,NA,,
qi_cam34_exp3_a2_8wl,2023-08-31 13:47:28,,D:/desktop/Qi_DenfenseBeh/BorisData/exp3_a2a3/qicam34exp3after2t202301071508_20230107_150743.mp4,1454.440,25.0,8,wl,gb,meet,,,POINT,584.905,584.905,NA,,
qi_cam34_exp3_a2_8n,2023-08-31 13:47:05,,D:/desktop/Qi_DenfenseBeh/BorisData/exp3_a2a3/qicam34exp3after2t202301071508_20230107_150743.mp4,1454.440,25.0,8,n,oo,meet,,,POINT,585.903,585.903,NA,,
qi_cam34_exp3_a2_8n,2023-08-31 13:47:05,,D:/desktop/Qi_DenfenseBeh/BorisData/exp3_a2a3/qicam34exp3after2t202301071508_20230107_150743.mp4,1454.440,25.0,8,n,go,meet,,,POINT,586.652,586.652,NA,,
qi_cam34_exp3_a2_8wl,2023-08-31 13:47:28,,D:/desktop/Qi_DenfenseBeh/BorisData/exp3_a2a3/qicam34exp3after2t202301071508_20230107_150743.mp4,1454.440,25.0,8,wl,go,meet,,,POINT,587.164,587.164,NA,,
qi_cam34_exp3_a2_8n,2023-08-31 13:47:05,,D:/desktop/Qi_DenfenseBeh/BorisData/exp3_a2a3/qicam34exp3after2t202301071508_20230107_150743.mp4,1454.440,25.0,8,n,gb,meet,,,POINT,589.903,589.903,NA,,
qi_cam34_exp3_a2_8n,2023-08-31 13:47:05,,D:/desktop/Qi_DenfenseBeh/BorisData/exp3_a2a3/qicam34exp3after2t202301071508_20230107_150743.mp4,1454.440,25.0,8,n,go,meet,,,POINT,600.903,600.903,NA,,
qi_cam34_exp3_a2_8wl,2023-08-31 13:47:28,,D:/desktop/Qi_DenfenseBeh/BorisData/exp3_a2a3/qicam34exp3after2t202301071508_20230107_150743.mp4,1454.440,25.0,8,wl,pp,meet,,,POINT,601.904,601.904,NA,,
qi_cam34_exp3_a2_8wl,2023-08-31 13:47:28,,D:/desktop/Qi_DenfenseBeh/BorisData/exp3_a2a3/qicam34exp3after2t202301071508_20230107_150743.mp4,1454.440,25.0,8,wl,pp,sting,,,STATE,603.404,620.651,17.247,,
qi_cam34_exp3_a2_8wp,2023-08-31 13:47:49,,D:/desktop/Qi_DenfenseBeh/BorisData/exp3_a2a3/qicam34exp3after2t202301071508_20230107_150743.mp4,1454.440,25.0,8,wp,pb,meet,,,POINT,605.130,605.130,NA,,
qi_cam34_exp3_a2_8wp,2023-08-31 13:47:49,,D:/desktop/Qi_DenfenseBeh/BorisData/exp3_a2a3/qicam34exp3after2t202301071508_20230107_150743.mp4,1454.440,25.0,8,wp,bb,meet,,,POINT,608.370,608.370,NA,,
qi_cam34_exp3_a2_8n,2023-08-31 13:47:05,,D:/desktop/Qi_DenfenseBeh/BorisData/exp3_a2a3/qicam34exp3after2t202301071508_20230107_150743.mp4,1454.440,25.0,8,n,oo,meet,,,POINT,618.154,618.154,NA,,
qi_cam34_exp3_a2_8wp,2023-08-31 13:47:49,,D:/desktop/Qi_DenfenseBeh/BorisData/exp3_a2a3/qicam34exp3after2t202301071508_20230107_150743.mp4,1454.440,25.0,8,wp,pp,meet,,,POINT,618.403,618.403,NA,,
qi_cam34_exp3_a2_8n,2023-08-31 13:47:05,,D:/desktop/Qi_DenfenseBeh/BorisData/exp3_a2a3/qicam34exp3after2t202301071508_20230107_150743.mp4,1454.440,25.0,8,n,bb,meet,,,POINT,621.154,621.154,NA,,
qi_cam34_exp3_a2_8wl,2023-08-31 13:47:28,,D:/desktop/Qi_DenfenseBeh/BorisData/exp3_a2a3/qicam34exp3after2t202301071508_20230107_150743.mp4,1454.440,25.0,8,wl,bo,meet,,,POINT,622.416,622.416,NA,,
qi_cam34_exp3_a2_4n,2023-08-31 13:45:30,,D:/desktop/Qi_DenfenseBeh/BorisData/exp3_a2a3/qicam34exp3after2t202301071508_20230107_150743.mp4,1454.440,25.0,4,n,gb,meet,,,POINT,626.655,626.655,NA,,
qi_cam34_exp3_a2_8wp,2023-08-31 13:47:49,,D:/desktop/Qi_DenfenseBeh/BorisData/exp3_a2a3/qicam34exp3after2t202301071508_20230107_150743.mp4,1454.440,25.0,8,wp,bb,meet,,,POINT,630.370,630.370,NA,,
qi_cam34_exp3_a2_8wl,2023-08-31 13:47:28,,D:/desktop/Qi_DenfenseBeh/BorisData/exp3_a2a3/qicam34exp3after2t202301071508_20230107_150743.mp4,1454.440,25.0,8,wl,bb,meet,,,POINT,632.655,632.655,NA,,
qi_cam34_exp3_a2_4wp,2023-08-31 13:46:48,,D:/desktop/Qi_DenfenseBeh/BorisData/exp3_a2a3/qicam34exp3after2t202301071508_20230107_150743.mp4,1454.440,25.0,4,wp,oo,meet,,,POINT,635.660,635.660,NA,,
qi_cam34_exp3_a2_8wl,2023-08-31 13:47:28,,D:/desktop/Qi_DenfenseBeh/BorisData/exp3_a2a3/qicam34exp3after2t202301071508_20230107_150743.mp4,1454.440,25.0,8,wl,bb,sting,,,STATE,636.416,653.660,17.244,,
qi_cam34_exp3_a2_4wp,2023-08-31 13:46:48,,D:/desktop/Qi_DenfenseBeh/BorisData/exp3_a2a3/qicam34exp3after2t202301071508_20230107_150743.mp4,1454.440,25.0,4,wp,bo,meet,,,POINT,638.570,638.570,NA,,
qi_cam34_exp3_a2_8wl,2023-08-31 13:47:28,,D:/desktop/Qi_DenfenseBeh/BorisData/exp3_a2a3/qicam34exp3after2t202301071508_20230107_150743.mp4,1454.440,25.0,8,wl,bo,meet,,,POINT,639.162,639.162,NA,,
qi_cam34_exp3_a2_8n,2023-08-31 13:47:05,,D:/desktop/Qi_DenfenseBeh/BorisData/exp3_a2a3/qicam34exp3after2t202301071508_20230107_150743.mp4,1454.440,25.0,8,n,pg,meet,,,POINT,639.401,639.401,NA,,
qi_cam34_exp3_a2_8n,2023-08-31 13:47:05,,D:/desktop/Qi_DenfenseBeh/BorisData/exp3_a2a3/qicam34exp3after2t202301071508_20230107_150743.mp4,1454.440,25.0,8,n,go,meet,,,POINT,640.654,640.654,NA,,
qi_cam34_exp3_a2_8wl,2023-08-31 13:47:28,,D:/desktop/Qi_DenfenseBeh/BorisData/exp3_a2a3/qicam34exp3after2t202301071508_20230107_150743.mp4,1454.440,25.0,8,wl,oo,meet,,,POINT,641.408,641.408,NA,,
qi_cam34_exp3_a2_8wp,2023-08-31 13:47:49,,D:/desktop/Qi_DenfenseBeh/BorisData/exp3_a2a3/qicam34exp3after2t202301071508_20230107_150743.mp4,1454.440,25.0,8,wp,gb,meet,,,POINT,641.874,641.874,NA,,
qi_cam34_exp3_a2_4wp,2023-08-31 13:46:48,,D:/desktop/Qi_DenfenseBeh/BorisData/exp3_a2a3/qicam34exp3after2t202301071508_20230107_150743.mp4,1454.440,25.0,4,wp,gb,meet,,,POINT,643.656,643.656,NA,,
qi_cam34_exp3_a2_4wp,2023-08-31 13:46:48,,D:/desktop/Qi_DenfenseBeh/BorisData/exp3_a2a3/qicam34exp3after2t202301071508_20230107_150743.mp4,1454.440,25.0,4,wp,go,meet,,,POINT,644.096,644.096,NA,,
qi_cam34_exp3_a2_4wp,2023-08-31 13:46:48,,D:/desktop/Qi_DenfenseBeh/BorisData/exp3_a2a3/qicam34exp3after2t202301071508_20230107_150743.mp4,1454.440,25.0,4,wp,go,sting,,,STATE,645.598,646.351,0.753,,
qi_cam34_exp3_a2_8wl,2023-08-31 13:47:28,,D:/desktop/Qi_DenfenseBeh/BorisData/exp3_a2a3/qicam34exp3after2t202301071508_20230107_150743.mp4,1454.440,25.0,8,wl,pb,meet,,,POINT,648.916,648.916,NA,,
qi_cam34_exp3_a2_8wl,2023-08-31 13:47:28,,D:/desktop/Qi_DenfenseBeh/BorisData/exp3_a2a3/qicam34exp3after2t202301071508_20230107_150743.mp4,1454.440,25.0,8,wl,pb,sting,,,STATE,649.658,668.410,18.752,,
qi_cam34_exp3_a2_4wp,2023-08-31 13:46:48,,D:/desktop/Qi_DenfenseBeh/BorisData/exp3_a2a3/qicam34exp3after2t202301071508_20230107_150743.mp4,1454.440,25.0,4,wp,go,meet,,,POINT,652.347,652.347,NA,,
qi_cam34_exp3_a2_8n,2023-08-31 13:47:05,,D:/desktop/Qi_DenfenseBeh/BorisData/exp3_a2a3/qicam34exp3after2t202301071508_20230107_150743.mp4,1454.440,25.0,8,n,gb,meet,,,POINT,653.901,653.901,NA,,
qi_cam34_exp3_a2_8n,2023-08-31 13:47:05,,D:/desktop/Qi_DenfenseBeh/BorisData/exp3_a2a3/qicam34exp3after2t202301071508_20230107_150743.mp4,1454.440,25.0,8,n,pb,meet,,,POINT,658.652,658.652,NA,,
qi_cam34_exp3_a2_8wl,2023-08-31 13:47:28,,D:/desktop/Qi_DenfenseBeh/BorisData/exp3_a2a3/qicam34exp3after2t202301071508_20230107_150743.mp4,1454.440,25.0,8,wl,oo,meet,,,POINT,661.647,661.647,NA,,
qi_cam34_exp3_a2_8wl,2023-08-31 13:47:28,,D:/desktop/Qi_DenfenseBeh/BorisData/exp3_a2a3/qicam34exp3after2t202301071508_20230107_150743.mp4,1454.440,25.0,8,wl,pp,meet,,,POINT,670.153,670.153,NA,,
qi_cam34_exp3_a2_8n,2023-08-31 13:47:05,,D:/desktop/Qi_DenfenseBeh/BorisData/exp3_a2a3/qicam34exp3after2t202301071508_20230107_150743.mp4,1454.440,25.0,8,n,pb,sting,,,STATE,670.652,703.652,33.000,,
qi_cam34_exp3_a2_8wl,2023-08-31 13:47:28,,D:/desktop/Qi_DenfenseBeh/BorisData/exp3_a2a3/qicam34exp3after2t202301071508_20230107_150743.mp4,1454.440,25.0,8,wl,oo,sting,,,STATE,671.399,675.895,4.496,,
qi_cam34_exp3_a2_4wp,2023-08-31 13:46:48,,D:/desktop/Qi_DenfenseBeh/BorisData/exp3_a2a3/qicam34exp3after2t202301071508_20230107_150743.mp4,1454.440,25.0,4,wp,gb,meet,,,POINT,671.411,671.411,NA,,
qi_cam34_exp3_a2_8wl,2023-08-31 13:47:28,,D:/desktop/Qi_DenfenseBeh/BorisData/exp3_a2a3/qicam34exp3after2t202301071508_20230107_150743.mp4,1454.440,25.0,8,wl,pp,sting,,,STATE,671.653,679.151,7.498,,
qi_cam34_exp3_a2_8wl,2023-08-31 13:47:28,,D:/desktop/Qi_DenfenseBeh/BorisData/exp3_a2a3/qicam34exp3after2t202301071508_20230107_150743.mp4,1454.440,25.0,8,wl,bb,meet,,,POINT,673.166,673.166,NA,,
qi_cam34_exp3_a2_8wl,2023-08-31 13:47:28,,D:/desktop/Qi_DenfenseBeh/BorisData/exp3_a2a3/qicam34exp3after2t202301071508_20230107_150743.mp4,1454.440,25.0,8,wl,gb,meet,,,POINT,674.914,674.914,NA,,
qi_cam34_exp3_a2_8wp,2023-08-31 13:47:49,,D:/desktop/Qi_DenfenseBeh/BorisData/exp3_a2a3/qicam34exp3after2t202301071508_20230107_150743.mp4,1454.440,25.0,8,wp,gb,meet,,,POINT,675.372,675.372,NA,,
qi_cam34_exp3_a2_8wl,2023-08-31 13:47:28,,D:/desktop/Qi_DenfenseBeh/BorisData/exp3_a2a3/qicam34exp3after2t202301071508_20230107_150743.mp4,1454.440,25.0,8,wl,gb,sting,,,STATE,675.660,703.666,28.006,,
qi_cam34_exp3_a2_8wl,2023-08-31 13:47:28,,D:/desktop/Qi_DenfenseBeh/BorisData/exp3_a2a3/qicam34exp3after2t202301071508_20230107_150743.mp4,1454.440,25.0,8,wl,bb,sting,,,STATE,676.912,711.408,34.496,,
qi_cam34_exp3_a2_8wp,2023-08-31 13:47:49,,D:/desktop/Qi_DenfenseBeh/BorisData/exp3_a2a3/qicam34exp3after2t202301071508_20230107_150743.mp4,1454.440,25.0,8,wp,gb,meet,,,POINT,682.374,682.374,NA,,
qi_cam34_exp3_a2_8wl,2023-08-31 13:47:28,,D:/desktop/Qi_DenfenseBeh/BorisData/exp3_a2a3/qicam34exp3after2t202301071508_20230107_150743.mp4,1454.440,25.0,8,wl,oo,meet,,,POINT,682.643,682.643,NA,,
qi_cam34_exp3_a2_8wl,2023-08-31 13:47:28,,D:/desktop/Qi_DenfenseBeh/BorisData/exp3_a2a3/qicam34exp3after2t202301071508_20230107_150743.mp4,1454.440,25.0,8,wl,oo,sting,,,STATE,687.147,695.391,8.244,,
qi_cam34_exp3_a2_8wp,2023-08-31 13:47:49,,D:/desktop/Qi_DenfenseBeh/BorisData/exp3_a2a3/qicam34exp3after2t202301071508_20230107_150743.mp4,1454.440,25.0,8,wp,oo,meet,,,POINT,688.371,688.371,NA,,
qi_cam34_exp3_a2_8n,2023-08-31 13:47:05,,D:/desktop/Qi_DenfenseBeh/BorisData/exp3_a2a3/qicam34exp3after2t202301071508_20230107_150743.mp4,1454.440,25.0,8,n,pp,meet,,,POINT,699.652,699.652,NA,,
qi_cam34_exp3_a2_8n,2023-08-31 13:47:05,,D:/desktop/Qi_DenfenseBeh/BorisData/exp3_a2a3/qicam34exp3after2t202301071508_20230107_150743.mp4,1454.440,25.0,8,n,pp,sting,,,STATE,701.901,714.654,12.753,,
qi_cam34_exp3_a2_8wl,2023-08-31 13:47:28,,D:/desktop/Qi_DenfenseBeh/BorisData/exp3_a2a3/qicam34exp3after2t202301071508_20230107_150743.mp4,1454.440,25.0,8,wl,go,meet,,,POINT,702.664,702.664,NA,,
qi_cam34_exp3_a2_4wp,2023-08-31 13:46:48,,D:/desktop/Qi_DenfenseBeh/BorisData/exp3_a2a3/qicam34exp3after2t202301071508_20230107_150743.mp4,1454.440,25.0,4,wp,oo,meet,,,POINT,706.162,706.162,NA,,
qi_cam34_exp3_a2_4n,2023-08-31 13:45:30,,D:/desktop/Qi_DenfenseBeh/BorisData/exp3_a2a3/qicam34exp3after2t202301071508_20230107_150743.mp4,1454.440,25.0,4,n,bo,meet,,,POINT,712.154,712.154,NA,,
qi_cam34_exp3_a2_8wl,2023-08-31 13:47:28,,D:/desktop/Qi_DenfenseBeh/BorisData/exp3_a2a3/qicam34exp3after2t202301071508_20230107_150743.mp4,1454.440,25.0,8,wl,gb,meet,,,POINT,713.416,713.416,NA,,
qi_cam34_exp3_a2_8wl,2023-08-31 13:47:28,,D:/desktop/Qi_DenfenseBeh/BorisData/exp3_a2a3/qicam34exp3after2t202301071508_20230107_150743.mp4,1454.440,25.0,8,wl,gb,sting,,,STATE,717.918,719.416,1.498,,
qi_cam34_exp3_a2_8wl,2023-08-31 13:47:28,,D:/desktop/Qi_DenfenseBeh/BorisData/exp3_a2a3/qicam34exp3after2t202301071508_20230107_150743.mp4,1454.440,25.0,8,wl,oo,meet,,,POINT,719.391,719.391,NA,,
qi_cam34_exp3_a2_8wp,2023-08-31 13:47:49,,D:/desktop/Qi_DenfenseBeh/BorisData/exp3_a2a3/qicam34exp3after2t202301071508_20230107_150743.mp4,1454.440,25.0,8,wp,pp,meet,,,POINT,719.903,719.903,NA,,
qi_cam34_exp3_a2_4wp,2023-08-31 13:46:48,,D:/desktop/Qi_DenfenseBeh/BorisData/exp3_a2a3/qicam34exp3after2t202301071508_20230107_150743.mp4,1454.440,25.0,4,wp,gb,meet,,,POINT,721.662,721.662,NA,,
qi_cam34_exp3_a2_4wp,2023-08-31 13:46:48,,D:/desktop/Qi_DenfenseBeh/BorisData/exp3_a2a3/qicam34exp3after2t202301071508_20230107_150743.mp4,1454.440,25.0,4,wp,bo,meet,,,POINT,722.575,722.575,NA,,
qi_cam34_exp3_a2_8wl,2023-08-31 13:47:28,,D:/desktop/Qi_DenfenseBeh/BorisData/exp3_a2a3/qicam34exp3after2t202301071508_20230107_150743.mp4,1454.440,25.0,8,wl,gb,meet,,,POINT,723.162,723.162,NA,,
qi_cam34_exp3_a2_8wl,2023-08-31 13:47:28,,D:/desktop/Qi_DenfenseBeh/BorisData/exp3_a2a3/qicam34exp3after2t202301071508_20230107_150743.mp4,1454.440,25.0,8,wl,pp,meet,,,POINT,724.902,724.902,NA,,
qi_cam34_exp3_a2_8wl,2023-08-31 13:47:28,,D:/desktop/Qi_DenfenseBeh/BorisData/exp3_a2a3/qicam34exp3after2t202301071508_20230107_150743.mp4,1454.440,25.0,8,wl,bo,meet,,,POINT,727.408,727.408,NA,,
qi_cam34_exp3_a2_8wl,2023-08-31 13:47:28,,D:/desktop/Qi_DenfenseBeh/BorisData/exp3_a2a3/qicam34exp3after2t202301071508_20230107_150743.mp4,1454.440,25.0,8,wl,bb,meet,,,POINT,728.666,728.666,NA,,
qi_cam34_exp3_a2_8wp,2023-08-31 13:47:49,,D:/desktop/Qi_DenfenseBeh/BorisData/exp3_a2a3/qicam34exp3after2t202301071508_20230107_150743.mp4,1454.440,25.0,8,wp,oo,meet,,,POINT,736.366,736.366,NA,,
qi_cam34_exp3_a2_8n,2023-08-31 13:47:05,,D:/desktop/Qi_DenfenseBeh/BorisData/exp3_a2a3/qicam34exp3after2t202301071508_20230107_150743.mp4,1454.440,25.0,8,n,bb,meet,,,POINT,736.905,736.905,NA,,
qi_cam34_exp3_a2_8wl,2023-08-31 13:47:28,,D:/desktop/Qi_DenfenseBeh/BorisData/exp3_a2a3/qicam34exp3after2t202301071508_20230107_150743.mp4,1454.440,25.0,8,wl,gb,meet,,,POINT,743.408,743.408,NA,,
qi_cam34_exp3_a2_8wl,2023-08-31 13:47:28,,D:/desktop/Qi_DenfenseBeh/BorisData/exp3_a2a3/qicam34exp3after2t202301071508_20230107_150743.mp4,1454.440,25.0,8,wl,pp,meet,,,POINT,745.153,745.153,NA,,
qi_cam34_exp3_a2_4n,2023-08-31 13:45:30,,D:/desktop/Qi_DenfenseBeh/BorisData/exp3_a2a3/qicam34exp3after2t202301071508_20230107_150743.mp4,1454.440,25.0,4,n,go,meet,,,POINT,745.651,745.651,NA,,
qi_cam34_exp3_a2_8wp,2023-08-31 13:47:49,,D:/desktop/Qi_DenfenseBeh/BorisData/exp3_a2a3/qicam34exp3after2t202301071508_20230107_150743.mp4,1454.440,25.0,8,wp,bb,meet,,,POINT,748.116,748.116,NA,,
qi_cam34_exp3_a2_8wl,2023-08-31 13:47:28,,D:/desktop/Qi_DenfenseBeh/BorisData/exp3_a2a3/qicam34exp3after2t202301071508_20230107_150743.mp4,1454.440,25.0,8,wl,pg,meet,,,POINT,751.408,751.408,NA,,
qi_cam34_exp3_a2_8wl,2023-08-31 13:47:28,,D:/desktop/Qi_DenfenseBeh/BorisData/exp3_a2a3/qicam34exp3after2t202301071508_20230107_150743.mp4,1454.440,25.0,8,wl,pg,sting,,,STATE,752.162,756.653,4.491,,
qi_cam34_exp3_a2_8wl,2023-08-31 13:47:28,,D:/desktop/Qi_DenfenseBeh/BorisData/exp3_a2a3/qicam34exp3after2t202301071508_20230107_150743.mp4,1454.440,25.0,8,wl,go,sting,,,STATE,755.164,818.912,63.748,,
qi_cam34_exp3_a2_8wl,2023-08-31 13:47:28,,D:/desktop/Qi_DenfenseBeh/BorisData/exp3_a2a3/qicam34exp3after2t202301071508_20230107_150743.mp4,1454.440,25.0,8,wl,bb,meet,,,POINT,756.164,756.164,NA,,
qi_cam34_exp3_a2_8wl,2023-08-31 13:47:28,,D:/desktop/Qi_DenfenseBeh/BorisData/exp3_a2a3/qicam34exp3after2t202301071508_20230107_150743.mp4,1454.440,25.0,8,wl,bb,sting,,,STATE,756.905,766.664,9.759,,
qi_cam34_exp3_a2_8wp,2023-08-31 13:47:49,,D:/desktop/Qi_DenfenseBeh/BorisData/exp3_a2a3/qicam34exp3after2t202301071508_20230107_150743.mp4,1454.440,25.0,8,wp,bo,meet,,,POINT,757.127,757.127,NA,,
qi_cam34_exp3_a2_8n,2023-08-31 13:47:05,,D:/desktop/Qi_DenfenseBeh/BorisData/exp3_a2a3/qicam34exp3after2t202301071508_20230107_150743.mp4,1454.440,25.0,8,n,pg,meet,,,POINT,763.152,763.152,NA,,
qi_cam34_exp3_a2_4n,2023-08-31 13:45:30,,D:/desktop/Qi_DenfenseBeh/BorisData/exp3_a2a3/qicam34exp3after2t202301071508_20230107_150743.mp4,1454.440,25.0,4,n,go,meet,,,POINT,768.654,768.654,NA,,
qi_cam34_exp3_a2_8wp,2023-08-31 13:47:49,,D:/desktop/Qi_DenfenseBeh/BorisData/exp3_a2a3/qicam34exp3after2t202301071508_20230107_150743.mp4,1454.440,25.0,8,wp,go,meet,,,POINT,769.377,769.377,NA,,
qi_cam34_exp3_a2_4wl,2023-08-31 13:46:24,,D:/desktop/Qi_DenfenseBeh/BorisData/exp3_a2a3/qicam34exp3after2t202301071508_20230107_150743.mp4,1454.440,25.0,4,wl,gb,meet,,,POINT,773.152,773.152,NA,,
qi_cam34_exp3_a2_4wp,2023-08-31 13:46:48,,D:/desktop/Qi_DenfenseBeh/BorisData/exp3_a2a3/qicam34exp3after2t202301071508_20230107_150743.mp4,1454.440,25.0,4,wp,oo,meet,,,POINT,775.160,775.160,NA,,
qi_cam34_exp3_a2_8wp,2023-08-31 13:47:49,,D:/desktop/Qi_DenfenseBeh/BorisData/exp3_a2a3/qicam34exp3after2t202301071508_20230107_150743.mp4,1454.440,25.0,8,wp,bb,meet,,,POINT,779.370,779.370,NA,,
qi_cam34_exp3_a2_4wp,2023-08-31 13:46:48,,D:/desktop/Qi_DenfenseBeh/BorisData/exp3_a2a3/qicam34exp3after2t202301071508_20230107_150743.mp4,1454.440,25.0,4,wp,gb,meet,,,POINT,779.409,779.409,NA,,
qi_cam34_exp3_a2_8wl,2023-08-31 13:47:28,,D:/desktop/Qi_DenfenseBeh/BorisData/exp3_a2a3/qicam34exp3after2t202301071508_20230107_150743.mp4,1454.440,25.0,8,wl,bb,meet,,,POINT,780.908,780.908,NA,,
qi_cam34_exp3_a2_8n,2023-08-31 13:47:05,,D:/desktop/Qi_DenfenseBeh/BorisData/exp3_a2a3/qicam34exp3after2t202301071508_20230107_150743.mp4,1454.440,25.0,8,n,go,meet,,,POINT,783.152,783.152,NA,,
qi_cam34_exp3_a2_8wp,2023-08-31 13:47:49,,D:/desktop/Qi_DenfenseBeh/BorisData/exp3_a2a3/qicam34exp3after2t202301071508_20230107_150743.mp4,1454.440,25.0,8,wp,bo,meet,,,POINT,784.120,784.120,NA,,
qi_cam34_exp3_a2_8wl,2023-08-31 13:47:28,,D:/desktop/Qi_DenfenseBeh/BorisData/exp3_a2a3/qicam34exp3after2t202301071508_20230107_150743.mp4,1454.440,25.0,8,wl,pp,meet,,,POINT,785.655,785.655,NA,,
qi_cam34_exp3_a2_8wl,2023-08-31 13:47:28,,D:/desktop/Qi_DenfenseBeh/BorisData/exp3_a2a3/qicam34exp3after2t202301071508_20230107_150743.mp4,1454.440,25.0,8,wl,pp,meet,,,POINT,795.404,795.404,NA,,
qi_cam34_exp3_a2_8wl,2023-08-31 13:47:28,,D:/desktop/Qi_DenfenseBeh/BorisData/exp3_a2a3/qicam34exp3after2t202301071508_20230107_150743.mp4,1454.440,25.0,8,wl,gb,meet,,,POINT,799.910,799.910,NA,,
qi_cam34_exp3_a2_4wp,2023-08-31 13:46:48,,D:/desktop/Qi_DenfenseBeh/BorisData/exp3_a2a3/qicam34exp3after2t202301071508_20230107_150743.mp4,1454.440,25.0,4,wp,bo,meet,,,POINT,800.575,800.575,NA,,
qi_cam34_exp3_a2_8n,2023-08-31 13:47:05,,D:/desktop/Qi_DenfenseBeh/BorisData/exp3_a2a3/qicam34exp3after2t202301071508_20230107_150743.mp4,1454.440,25.0,8,n,pp,meet,,,POINT,800.901,800.901,NA,,
qi_cam34_exp3_a2_8wl,2023-08-31 13:47:28,,D:/desktop/Qi_DenfenseBeh/BorisData/exp3_a2a3/qicam34exp3after2t202301071508_20230107_150743.mp4,1454.440,25.0,8,wl,pb,meet,,,POINT,803.155,803.155,NA,,
qi_cam34_exp3_a2_8n,2023-08-31 13:47:05,,D:/desktop/Qi_DenfenseBeh/BorisData/exp3_a2a3/qicam34exp3after2t202301071508_20230107_150743.mp4,1454.440,25.0,8,n,bb,meet,,,POINT,806.152,806.152,NA,,
qi_cam34_exp3_a2_4wp,2023-08-31 13:46:48,,D:/desktop/Qi_DenfenseBeh/BorisData/exp3_a2a3/qicam34exp3after2t202301071508_20230107_150743.mp4,1454.440,25.0,4,wp,oo,meet,,,POINT,808.906,808.906,NA,,
qi_cam34_exp3_a2_8wl,2023-08-31 13:47:28,,D:/desktop/Qi_DenfenseBeh/BorisData/exp3_a2a3/qicam34exp3after2t202301071508_20230107_150743.mp4,1454.440,25.0,8,wl,pg,meet,,,POINT,809.403,809.403,NA,,
qi_cam34_exp3_a2_8n,2023-08-31 13:47:05,,D:/desktop/Qi_DenfenseBeh/BorisData/exp3_a2a3/qicam34exp3after2t202301071508_20230107_150743.mp4,1454.440,25.0,8,n,go,meet,,,POINT,810.152,810.152,NA,,
qi_cam34_exp3_a2_8wl,2023-08-31 13:47:28,,D:/desktop/Qi_DenfenseBeh/BorisData/exp3_a2a3/qicam34exp3after2t202301071508_20230107_150743.mp4,1454.440,25.0,8,wl,pg,sting,,,STATE,813.910,821.410,7.500,,
qi_cam34_exp3_a2_8n,2023-08-31 13:47:05,,D:/desktop/Qi_DenfenseBeh/BorisData/exp3_a2a3/qicam34exp3after2t202301071508_20230107_150743.mp4,1454.440,25.0,8,n,pb,meet,,,POINT,818.403,818.403,NA,,
qi_cam34_exp3_a2_4wp,2023-08-31 13:46:48,,D:/desktop/Qi_DenfenseBeh/BorisData/exp3_a2a3/qicam34exp3after2t202301071508_20230107_150743.mp4,1454.440,25.0,4,wp,gb,meet,,,POINT,819.162,819.162,NA,,
qi_cam34_exp3_a2_8wl,2023-08-31 13:47:28,,D:/desktop/Qi_DenfenseBeh/BorisData/exp3_a2a3/qicam34exp3after2t202301071508_20230107_150743.mp4,1454.440,25.0,8,wl,bb,meet,,,POINT,819.910,819.910,NA,,
qi_cam34_exp3_a2_8wl,2023-08-31 13:47:28,,D:/desktop/Qi_DenfenseBeh/BorisData/exp3_a2a3/qicam34exp3after2t202301071508_20230107_150743.mp4,1454.440,25.0,8,wl,bb,sting,,,STATE,820.664,834.910,14.246,,
qi_cam34_exp3_a2_8wl,2023-08-31 13:47:28,,D:/desktop/Qi_DenfenseBeh/BorisData/exp3_a2a3/qicam34exp3after2t202301071508_20230107_150743.mp4,1454.440,25.0,8,wl,pp,meet,,,POINT,822.404,822.404,NA,,
qi_cam34_exp3_a2_8wl,2023-08-31 13:47:28,,D:/desktop/Qi_DenfenseBeh/BorisData/exp3_a2a3/qicam34exp3after2t202301071508_20230107_150743.mp4,1454.440,25.0,8,wl,go,meet,,,POINT,828.658,828.658,NA,,
qi_cam34_exp3_a2_8wl,2023-08-31 13:47:28,,D:/desktop/Qi_DenfenseBeh/BorisData/exp3_a2a3/qicam34exp3after2t202301071508_20230107_150743.mp4,1454.440,25.0,8,wl,gb,meet,,,POINT,837.912,837.912,NA,,
qi_cam34_exp3_a2_4wp,2023-08-31 13:46:48,,D:/desktop/Qi_DenfenseBeh/BorisData/exp3_a2a3/qicam34exp3after2t202301071508_20230107_150743.mp4,1454.440,25.0,4,wp,bo,meet,,,POINT,839.568,839.568,NA,,
qi_cam34_exp3_a2_8n,2023-08-31 13:47:05,,D:/desktop/Qi_DenfenseBeh/BorisData/exp3_a2a3/qicam34exp3after2t202301071508_20230107_150743.mp4,1454.440,25.0,8,n,pb,sting,,,STATE,840.903,1059.654,218.751,,
qi_cam34_exp3_a2_8wl,2023-08-31 13:47:28,,D:/desktop/Qi_DenfenseBeh/BorisData/exp3_a2a3/qicam34exp3after2t202301071508_20230107_150743.mp4,1454.440,25.0,8,wl,pg,meet,,,POINT,842.408,842.408,NA,,
qi_cam34_exp3_a2_8wl,2023-08-31 13:47:28,,D:/desktop/Qi_DenfenseBeh/BorisData/exp3_a2a3/qicam34exp3after2t202301071508_20230107_150743.mp4,1454.440,25.0,8,wl,pg,sting,,,STATE,843.153,846.151,2.998,,
qi_cam34_exp3_a2_8wl,2023-08-31 13:47:28,,D:/desktop/Qi_DenfenseBeh/BorisData/exp3_a2a3/qicam34exp3after2t202301071508_20230107_150743.mp4,1454.440,25.0,8,wl,pp,meet,,,POINT,843.902,843.902,NA,,
qi_cam34_exp3_a2_8wl,2023-08-31 13:47:28,,D:/desktop/Qi_DenfenseBeh/BorisData/exp3_a2a3/qicam34exp3after2t202301071508_20230107_150743.mp4,1454.440,25.0,8,wl,pg,meet,,,POINT,854.410,854.410,NA,,
qi_cam34_exp3_a2_8wp,2023-08-31 13:47:49,,D:/desktop/Qi_DenfenseBeh/BorisData/exp3_a2a3/qicam34exp3after2t202301071508_20230107_150743.mp4,1454.440,25.0,8,wp,bo,meet,,,POINT,856.122,856.122,NA,,
qi_cam34_exp3_a2_8wp,2023-08-31 13:47:49,,D:/desktop/Qi_DenfenseBeh/BorisData/exp3_a2a3/qicam34exp3after2t202301071508_20230107_150743.mp4,1454.440,25.0,8,wp,bo,sting,,,STATE,859.869,879.376,19.507,,
qi_cam34_exp3_a2_8wl,2023-08-31 13:47:28,,D:/desktop/Qi_DenfenseBeh/BorisData/exp3_a2a3/qicam34exp3after2t202301071508_20230107_150743.mp4,1454.440,25.0,8,wl,go,sting,,,STATE,860.912,873.655,12.743,,
qi_cam34_exp3_a2_8wl,2023-08-31 13:47:28,,D:/desktop/Qi_DenfenseBeh/BorisData/exp3_a2a3/qicam34exp3after2t202301071508_20230107_150743.mp4,1454.440,25.0,8,wl,pb,meet,,,POINT,863.158,863.158,NA,,
qi_cam34_exp3_a2_8wl,2023-08-31 13:47:28,,D:/desktop/Qi_DenfenseBeh/BorisData/exp3_a2a3/qicam34exp3after2t202301071508_20230107_150743.mp4,1454.440,25.0,8,wl,pp,meet,,,POINT,871.651,871.651,NA,,
qi_cam34_exp3_a2_8n,2023-08-31 13:47:05,,D:/desktop/Qi_DenfenseBeh/BorisData/exp3_a2a3/qicam34exp3after2t202301071508_20230107_150743.mp4,1454.440,25.0,8,n,go,meet,,,POINT,871.654,871.654,NA,,
qi_cam34_exp3_a2_8wl,2023-08-31 13:47:28,,D:/desktop/Qi_DenfenseBeh/BorisData/exp3_a2a3/qicam34exp3after2t202301071508_20230107_150743.mp4,1454.440,25.0,8,wl,pp,sting,,,STATE,873.904,964.653,90.749,,
qi_cam34_exp3_a2_8wp,2023-08-31 13:47:49,,D:/desktop/Qi_DenfenseBeh/BorisData/exp3_a2a3/qicam34exp3after2t202301071508_20230107_150743.mp4,1454.440,25.0,8,wp,pp,meet,,,POINT,879.652,879.652,NA,,
qi_cam34_exp3_a2_8wl,2023-08-31 13:47:28,,D:/desktop/Qi_DenfenseBeh/BorisData/exp3_a2a3/qicam34exp3after2t202301071508_20230107_150743.mp4,1454.440,25.0,8,wl,bo,meet,,,POINT,879.660,879.660,NA,,
qi_cam34_exp3_a2_4wp,2023-08-31 13:46:48,,D:/desktop/Qi_DenfenseBeh/BorisData/exp3_a2a3/qicam34exp3after2t202301071508_20230107_150743.mp4,1454.440,25.0,4,wp,gb,meet,,,POINT,880.660,880.660,NA,,
qi_cam34_exp3_a2_4n,2023-08-31 13:45:30,,D:/desktop/Qi_DenfenseBeh/BorisData/exp3_a2a3/qicam34exp3after2t202301071508_20230107_150743.mp4,1454.440,25.0,4,n,go,meet,,,POINT,888.654,888.654,NA,,
qi_cam34_exp3_a2_8n,2023-08-31 13:47:05,,D:/desktop/Qi_DenfenseBeh/BorisData/exp3_a2a3/qicam34exp3after2t202301071508_20230107_150743.mp4,1454.440,25.0,8,n,go,meet,,,POINT,894.156,894.156,NA,,
qi_cam34_exp3_a2_8wl,2023-08-31 13:47:28,,D:/desktop/Qi_DenfenseBeh/BorisData/exp3_a2a3/qicam34exp3after2t202301071508_20230107_150743.mp4,1454.440,25.0,8,wl,bb,meet,,,POINT,894.408,894.408,NA,,
qi_cam34_exp3_a2_8wl,2023-08-31 13:47:28,,D:/desktop/Qi_DenfenseBeh/BorisData/exp3_a2a3/qicam34exp3after2t202301071508_20230107_150743.mp4,1454.440,25.0,8,wl,bb,sting,,,STATE,894.408,899.658,5.250,,
qi_cam34_exp3_a2_4wp,2023-08-31 13:46:48,,D:/desktop/Qi_DenfenseBeh/BorisData/exp3_a2a3/qicam34exp3after2t202301071508_20230107_150743.mp4,1454.440,25.0,4,wp,bo,meet,,,POINT,899.319,899.319,NA,,
qi_cam34_exp3_a2_8wl,2023-08-31 13:47:28,,D:/desktop/Qi_DenfenseBeh/BorisData/exp3_a2a3/qicam34exp3after2t202301071508_20230107_150743.mp4,1454.440,25.0,8,wl,pb,meet,,,POINT,911.160,911.160,NA,,
qi_cam34_exp3_a2_8wl,2023-08-31 13:47:28,,D:/desktop/Qi_DenfenseBeh/BorisData/exp3_a2a3/qicam34exp3after2t202301071508_20230107_150743.mp4,1454.440,25.0,8,wl,pb,sting,,,STATE,911.916,915.664,3.748,,
qi_cam34_exp3_a2_4wp,2023-08-31 13:46:48,,D:/desktop/Qi_DenfenseBeh/BorisData/exp3_a2a3/qicam34exp3after2t202301071508_20230107_150743.mp4,1454.440,25.0,4,wp,oo,meet,,,POINT,930.404,930.404,NA,,
qi_cam34_exp3_a2_4n,2023-08-31 13:45:30,,D:/desktop/Qi_DenfenseBeh/BorisData/exp3_a2a3/qicam34exp3after2t202301071508_20230107_150743.mp4,1454.440,25.0,4,n,go,meet,,,POINT,934.404,934.404,NA,,
qi_cam34_exp3_a2_8wp,2023-08-31 13:47:49,,D:/desktop/Qi_DenfenseBeh/BorisData/exp3_a2a3/qicam34exp3after2t202301071508_20230107_150743.mp4,1454.440,25.0,8,wp,bb,meet,,,POINT,934.621,934.621,NA,,
qi_cam34_exp3_a2_8wl,2023-08-31 13:47:28,,D:/desktop/Qi_DenfenseBeh/BorisData/exp3_a2a3/qicam34exp3after2t202301071508_20230107_150743.mp4,1454.440,25.0,8,wl,bb,meet,,,POINT,934.662,934.662,NA,,
qi_cam34_exp3_a2_8wl,2023-08-31 13:47:28,,D:/desktop/Qi_DenfenseBeh/BorisData/exp3_a2a3/qicam34exp3after2t202301071508_20230107_150743.mp4,1454.440,25.0,8,wl,gb,meet,,,POINT,939.916,939.916,NA,,
qi_cam34_exp3_a2_8n,2023-08-31 13:47:05,,D:/desktop/Qi_DenfenseBeh/BorisData/exp3_a2a3/qicam34exp3after2t202301071508_20230107_150743.mp4,1454.440,25.0,8,n,pp,meet,,,POINT,941.901,941.901,NA,,
qi_cam34_exp3_a2_8wl,2023-08-31 13:47:28,,D:/desktop/Qi_DenfenseBeh/BorisData/exp3_a2a3/qicam34exp3after2t202301071508_20230107_150743.mp4,1454.440,25.0,8,wl,go,meet,,,POINT,942.655,942.655,NA,,
qi_cam34_exp3_a2_4wp,2023-08-31 13:46:48,,D:/desktop/Qi_DenfenseBeh/BorisData/exp3_a2a3/qicam34exp3after2t202301071508_20230107_150743.mp4,1454.440,25.0,4,wp,gb,meet,,,POINT,946.660,946.660,NA,,
qi_cam34_exp3_a2_8wl,2023-08-31 13:47:28,,D:/desktop/Qi_DenfenseBeh/BorisData/exp3_a2a3/qicam34exp3after2t202301071508_20230107_150743.mp4,1454.440,25.0,8,wl,gb,meet,,,POINT,949.412,949.412,NA,,
qi_cam34_exp3_a2_8wl,2023-08-31 13:47:28,,D:/desktop/Qi_DenfenseBeh/BorisData/exp3_a2a3/qicam34exp3after2t202301071508_20230107_150743.mp4,1454.440,25.0,8,wl,oo,meet,,,POINT,953.393,953.393,NA,,
qi_cam34_exp3_a2_8wl,2023-08-31 13:47:28,,D:/desktop/Qi_DenfenseBeh/BorisData/exp3_a2a3/qicam34exp3after2t202301071508_20230107_150743.mp4,1454.440,25.0,8,wl,oo,sting,,,STATE,956.399,978.399,22.000,,
qi_cam34_exp3_a2_8wl,2023-08-31 13:47:28,,D:/desktop/Qi_DenfenseBeh/BorisData/exp3_a2a3/qicam34exp3after2t202301071508_20230107_150743.mp4,1454.440,25.0,8,wl,bb,meet,,,POINT,961.412,961.412,NA,,
qi_cam34_exp3_a2_4wp,2023-08-31 13:46:48,,D:/desktop/Qi_DenfenseBeh/BorisData/exp3_a2a3/qicam34exp3after2t202301071508_20230107_150743.mp4,1454.440,25.0,4,wp,bo,meet,,,POINT,961.566,961.566,NA,,
qi_cam34_exp3_a2_8n,2023-08-31 13:47:05,,D:/desktop/Qi_DenfenseBeh/BorisData/exp3_a2a3/qicam34exp3after2t202301071508_20230107_150743.mp4,1454.440,25.0,8,n,go,meet,,,POINT,963.161,963.161,NA,,
qi_cam34_exp3_a2_8wl,2023-08-31 13:47:28,,D:/desktop/Qi_DenfenseBeh/BorisData/exp3_a2a3/qicam34exp3after2t202301071508_20230107_150743.mp4,1454.440,25.0,8,wl,bb,sting,,,STATE,968.908,977.160,8.252,,
qi_cam34_exp3_a2_8wl,2023-08-31 13:47:28,,D:/desktop/Qi_DenfenseBeh/BorisData/exp3_a2a3/qicam34exp3after2t202301071508_20230107_150743.mp4,1454.440,25.0,8,wl,go,meet,,,POINT,975.666,975.666,NA,,
qi_cam34_exp3_a2_8n,2023-08-31 13:47:05,,D:/desktop/Qi_DenfenseBeh/BorisData/exp3_a2a3/qicam34exp3after2t202301071508_20230107_150743.mp4,1454.440,25.0,8,n,pp,meet,,,POINT,978.654,978.654,NA,,
qi_cam34_exp3_a2_8wl,2023-08-31 13:47:28,,D:/desktop/Qi_DenfenseBeh/BorisData/exp3_a2a3/qicam34exp3after2t202301071508_20230107_150743.mp4,1454.440,25.0,8,wl,pp,meet,,,POINT,980.404,980.404,NA,,
qi_cam34_exp3_a2_8wl,2023-08-31 13:47:28,,D:/desktop/Qi_DenfenseBeh/BorisData/exp3_a2a3/qicam34exp3after2t202301071508_20230107_150743.mp4,1454.440,25.0,8,wl,bo,meet,,,POINT,989.912,989.912,NA,,
qi_cam34_exp3_a2_4wp,2023-08-31 13:46:48,,D:/desktop/Qi_DenfenseBeh/BorisData/exp3_a2a3/qicam34exp3after2t202301071508_20230107_150743.mp4,1454.440,25.0,4,wp,oo,meet,,,POINT,993.404,993.404,NA,,
qi_cam34_exp3_a2_8n,2023-08-31 13:47:05,,D:/desktop/Qi_DenfenseBeh/BorisData/exp3_a2a3/qicam34exp3after2t202301071508_20230107_150743.mp4,1454.440,25.0,8,n,bb,meet,,,POINT,997.401,997.401,NA,,
qi_cam34_exp3_a2_8wl,2023-08-31 13:47:28,,D:/desktop/Qi_DenfenseBeh/BorisData/exp3_a2a3/qicam34exp3after2t202301071508_20230107_150743.mp4,1454.440,25.0,8,wl,bb,meet,,,POINT,1011.160,1011.160,NA,,
qi_cam34_exp3_a2_8n,2023-08-31 13:47:05,,D:/desktop/Qi_DenfenseBeh/BorisData/exp3_a2a3/qicam34exp3after2t202301071508_20230107_150743.mp4,1454.440,25.0,8,n,pp,meet,,,POINT,1011.654,1011.654,NA,,
qi_cam34_exp3_a2_8wl,2023-08-31 13:47:28,,D:/desktop/Qi_DenfenseBeh/BorisData/exp3_a2a3/qicam34exp3after2t202301071508_20230107_150743.mp4,1454.440,25.0,8,wl,bb,sting,,,STATE,1011.908,1023.914,12.006,,
qi_cam34_exp3_a2_8wl,2023-08-31 13:47:28,,D:/desktop/Qi_DenfenseBeh/BorisData/exp3_a2a3/qicam34exp3after2t202301071508_20230107_150743.mp4,1454.440,25.0,8,wl,pp,meet,,,POINT,1017.153,1017.153,NA,,
qi_cam34_exp3_a2_8n,2023-08-31 13:47:05,,D:/desktop/Qi_DenfenseBeh/BorisData/exp3_a2a3/qicam34exp3after2t202301071508_20230107_150743.mp4,1454.440,25.0,8,n,go,meet,,,POINT,1018.401,1018.401,NA,,
qi_cam34_exp3_a2_8n,2023-08-31 13:47:05,,D:/desktop/Qi_DenfenseBeh/BorisData/exp3_a2a3/qicam34exp3after2t202301071508_20230107_150743.mp4,1454.440,25.0,8,n,bb,meet,,,POINT,1020.654,1020.654,NA,,
qi_cam34_exp3_a2_8wl,2023-08-31 13:47:28,,D:/desktop/Qi_DenfenseBeh/BorisData/exp3_a2a3/qicam34exp3after2t202301071508_20230107_150743.mp4,1454.440,25.0,8,wl,pp,sting,,,STATE,1020.904,1074.655,53.751,,
qi_cam34_exp3_a2_8wp,2023-08-31 13:47:49,,D:/desktop/Qi_DenfenseBeh/BorisData/exp3_a2a3/qicam34exp3after2t202301071508_20230107_150743.mp4,1454.440,25.0,8,wp,oo,meet,,,POINT,1024.629,1024.629,NA,,
qi_cam34_exp3_a2_4n,2023-08-31 13:45:30,,D:/desktop/Qi_DenfenseBeh/BorisData/exp3_a2a3/qicam34exp3after2t202301071508_20230107_150743.mp4,1454.440,25.0,4,n,go,meet,,,POINT,1031.151,1031.151,NA,,
qi_cam34_exp3_a2_4n,2023-08-31 13:45:30,,D:/desktop/Qi_DenfenseBeh/BorisData/exp3_a2a3/qicam34exp3after2t202301071508_20230107_150743.mp4,1454.440,25.0,4,n,go,sting,,,STATE,1038.151,1039.157,1.006,,
qi_cam34_exp3_a2_4n,2023-08-31 13:45:30,,D:/desktop/Qi_DenfenseBeh/BorisData/exp3_a2a3/qicam34exp3after2t202301071508_20230107_150743.mp4,1454.440,25.0,4,n,bo,meet,,,POINT,1042.157,1042.157,NA,,
qi_cam34_exp3_a2_8n,2023-08-31 13:47:05,,D:/desktop/Qi_DenfenseBeh/BorisData/exp3_a2a3/qicam34exp3after2t202301071508_20230107_150743.mp4,1454.440,25.0,8,n,bb,meet,,,POINT,1056.403,1056.403,NA,,
qi_cam34_exp3_a2_8wl,2023-08-31 13:47:28,,D:/desktop/Qi_DenfenseBeh/BorisData/exp3_a2a3/qicam34exp3after2t202301071508_20230107_150743.mp4,1454.440,25.0,8,wl,pg,meet,,,POINT,1057.653,1057.653,NA,,
qi_cam34_exp3_a2_8n,2023-08-31 13:47:05,,D:/desktop/Qi_DenfenseBeh/BorisData/exp3_a2a3/qicam34exp3after2t202301071508_20230107_150743.mp4,1454.440,25.0,8,n,go,meet,,,POINT,1060.401,1060.401,NA,,
qi_cam34_exp3_a2_8wp,2023-08-31 13:47:49,,D:/desktop/Qi_DenfenseBeh/BorisData/exp3_a2a3/qicam34exp3after2t202301071508_20230107_150743.mp4,1454.440,25.0,8,wp,go,meet,,,POINT,1060.621,1060.621,NA,,
qi_cam34_exp3_a2_8n,2023-08-31 13:47:05,,D:/desktop/Qi_DenfenseBeh/BorisData/exp3_a2a3/qicam34exp3after2t202301071508_20230107_150743.mp4,1454.440,25.0,8,n,pb,meet,,,POINT,1064.901,1064.901,NA,,
qi_cam34_exp3_a2_8wp,2023-08-31 13:47:49,,D:/desktop/Qi_DenfenseBeh/BorisData/exp3_a2a3/qicam34exp3after2t202301071508_20230107_150743.mp4,1454.440,25.0,8,wp,pg,meet,,,POINT,1065.641,1065.641,NA,,
qi_cam34_exp3_a2_8wl,2023-08-31 13:47:28,,D:/desktop/Qi_DenfenseBeh/BorisData/exp3_a2a3/qicam34exp3after2t202301071508_20230107_150743.mp4,1454.440,25.0,8,wl,oo,meet,,,POINT,1071.397,1071.397,NA,,
qi_cam34_exp3_a2_8wl,2023-08-31 13:47:28,,D:/desktop/Qi_DenfenseBeh/BorisData/exp3_a2a3/qicam34exp3after2t202301071508_20230107_150743.mp4,1454.440,25.0,8,wl,oo,sting,,,STATE,1072.897,1081.147,8.250,,
qi_cam34_exp3_a2_8wl,2023-08-31 13:47:28,,D:/desktop/Qi_DenfenseBeh/BorisData/exp3_a2a3/qicam34exp3after2t202301071508_20230107_150743.mp4,1454.440,25.0,8,wl,go,meet,,,POINT,1075.412,1075.412,NA,,
qi_cam34_exp3_a2_4wp,2023-08-31 13:46:48,,D:/desktop/Qi_DenfenseBeh/BorisData/exp3_a2a3/qicam34exp3after2t202301071508_20230107_150743.mp4,1454.440,25.0,4,wp,gb,meet,,,POINT,1078.404,1078.404,NA,,
qi_cam34_exp3_a2_8wl,2023-08-31 13:47:28,,D:/desktop/Qi_DenfenseBeh/BorisData/exp3_a2a3/qicam34exp3after2t202301071508_20230107_150743.mp4,1454.440,25.0,8,wl,pp,meet,,,POINT,1079.904,1079.904,NA,,
qi_cam34_exp3_a2_8wl,2023-08-31 13:47:28,,D:/desktop/Qi_DenfenseBeh/BorisData/exp3_a2a3/qicam34exp3after2t202301071508_20230107_150743.mp4,1454.440,25.0,8,wl,gb,meet,,,POINT,1085.908,1085.908,NA,,
qi_cam34_exp3_a2_4wp,2023-08-31 13:46:48,,D:/desktop/Qi_DenfenseBeh/BorisData/exp3_a2a3/qicam34exp3after2t202301071508_20230107_150743.mp4,1454.440,25.0,4,wp,gb,meet,,,POINT,1090.409,1090.409,NA,,
qi_cam34_exp3_a2_8wp,2023-08-31 13:47:49,,D:/desktop/Qi_DenfenseBeh/BorisData/exp3_a2a3/qicam34exp3after2t202301071508_20230107_150743.mp4,1454.440,25.0,8,wp,bo,meet,,,POINT,1093.124,1093.124,NA,,
qi_cam34_exp3_a2_8wp,2023-08-31 13:47:49,,D:/desktop/Qi_DenfenseBeh/BorisData/exp3_a2a3/qicam34exp3after2t202301071508_20230107_150743.mp4,1454.440,25.0,8,wp,bo,sting,,,STATE,1093.873,1098.378,4.505,,
qi_cam34_exp3_a2_8wl,2023-08-31 13:47:28,,D:/desktop/Qi_DenfenseBeh/BorisData/exp3_a2a3/qicam34exp3after2t202301071508_20230107_150743.mp4,1454.440,25.0,8,wl,go,meet,,,POINT,1094.910,1094.910,NA,,
qi_cam34_exp3_a2_4n,2023-08-31 13:45:30,,D:/desktop/Qi_DenfenseBeh/BorisData/exp3_a2a3/qicam34exp3after2t202301071508_20230107_150743.mp4,1454.440,25.0,4,n,go,meet,,,POINT,1096.154,1096.154,NA,,
qi_cam34_exp3_a2_8wl,2023-08-31 13:47:28,,D:/desktop/Qi_DenfenseBeh/BorisData/exp3_a2a3/qicam34exp3after2t202301071508_20230107_150743.mp4,1454.440,25.0,8,wl,bb,meet,,,POINT,1101.160,1101.160,NA,,
qi_cam34_exp3_a2_4wl,2023-08-31 13:46:24,,D:/desktop/Qi_DenfenseBeh/BorisData/exp3_a2a3/qicam34exp3after2t202301071508_20230107_150743.mp4,1454.440,25.0,4,wl,gb,meet,,,POINT,1103.405,1103.405,NA,,
qi_cam34_exp3_a2_8n,2023-08-31 13:47:05,,D:/desktop/Qi_DenfenseBeh/BorisData/exp3_a2a3/qicam34exp3after2t202301071508_20230107_150743.mp4,1454.440,25.0,8,n,bb,meet,,,POINT,1105.654,1105.654,NA,,
qi_cam34_exp3_a2_8n,2023-08-31 13:47:05,,D:/desktop/Qi_DenfenseBeh/BorisData/exp3_a2a3/qicam34exp3after2t202301071508_20230107_150743.mp4,1454.440,25.0,8,n,gb,meet,,,POINT,1114.401,1114.401,NA,,
qi_cam34_exp3_a2_8n,2023-08-31 13:47:05,,D:/desktop/Qi_DenfenseBeh/BorisData/exp3_a2a3/qicam34exp3after2t202301071508_20230107_150743.mp4,1454.440,25.0,8,n,go,meet,,,POINT,1118.901,1118.901,NA,,
qi_cam34_exp3_a2_4wp,2023-08-31 13:46:48,,D:/desktop/Qi_DenfenseBeh/BorisData/exp3_a2a3/qicam34exp3after2t202301071508_20230107_150743.mp4,1454.440,25.0,4,wp,gb,meet,,,POINT,1119.656,1119.656,NA,,
qi_cam34_exp3_a2_8wp,2023-08-31 13:47:49,,D:/desktop/Qi_DenfenseBeh/BorisData/exp3_a2a3/qicam34exp3after2t202301071508_20230107_150743.mp4,1454.440,25.0,8,wp,oo,meet,,,POINT,1120.618,1120.618,NA,,
qi_cam34_exp3_a2_8wp,2023-08-31 13:47:49,,D:/desktop/Qi_DenfenseBeh/BorisData/exp3_a2a3/qicam34exp3after2t202301071508_20230107_150743.mp4,1454.440,25.0,8,wp,bb,meet,,,POINT,1123.368,1123.368,NA,,
qi_cam34_exp3_a2_8wl,2023-08-31 13:47:28,,D:/desktop/Qi_DenfenseBeh/BorisData/exp3_a2a3/qicam34exp3after2t202301071508_20230107_150743.mp4,1454.440,25.0,8,wl,go,meet,,,POINT,1123.412,1123.412,NA,,
qi_cam34_exp3_a2_8wl,2023-08-31 13:47:28,,D:/desktop/Qi_DenfenseBeh/BorisData/exp3_a2a3/qicam34exp3after2t202301071508_20230107_150743.mp4,1454.440,25.0,8,wl,gb,meet,,,POINT,1124.162,1124.162,NA,,
qi_cam34_exp3_a2_8n,2023-08-31 13:47:05,,D:/desktop/Qi_DenfenseBeh/BorisData/exp3_a2a3/qicam34exp3after2t202301071508_20230107_150743.mp4,1454.440,25.0,8,n,pb,sting,,,STATE,1125.656,1172.154,46.498,,
qi_cam34_exp3_a2_8wl,2023-08-31 13:47:28,,D:/desktop/Qi_DenfenseBeh/BorisData/exp3_a2a3/qicam34exp3after2t202301071508_20230107_150743.mp4,1454.440,25.0,8,wl,bb,meet,,,POINT,1127.914,1127.914,NA,,
qi_cam34_exp3_a2_8wl,2023-08-31 13:47:28,,D:/desktop/Qi_DenfenseBeh/BorisData/exp3_a2a3/qicam34exp3after2t202301071508_20230107_150743.mp4,1454.440,25.0,8,wl,bb,sting,,,STATE,1131.660,1168.408,36.748,,
qi_cam34_exp3_a2_4n,2023-08-31 13:45:30,,D:/desktop/Qi_DenfenseBeh/BorisData/exp3_a2a3/qicam34exp3after2t202301071508_20230107_150743.mp4,1454.440,25.0,4,n,bo,meet,,,POINT,1134.154,1134.154,NA,,
qi_cam34_exp3_a2_8wp,2023-08-31 13:47:49,,D:/desktop/Qi_DenfenseBeh/BorisData/exp3_a2a3/qicam34exp3after2t202301071508_20230107_150743.mp4,1454.440,25.0,8,wp,oo,meet,,,POINT,1143.120,1143.120,NA,,
qi_cam34_exp3_a2_8wl,2023-08-31 13:47:28,,D:/desktop/Qi_DenfenseBeh/BorisData/exp3_a2a3/qicam34exp3after2t202301071508_20230107_150743.mp4,1454.440,25.0,8,wl,pp,sting,,,STATE,1154.404,1205.402,50.998,,
qi_cam34_exp3_a2_4n,2023-08-31 13:45:30,,D:/desktop/Qi_DenfenseBeh/BorisData/exp3_a2a3/qicam34exp3after2t202301071508_20230107_150743.mp4,1454.440,25.0,4,n,bo,meet,,,POINT,1157.151,1157.151,NA,,
qi_cam34_exp3_a2_8n,2023-08-31 13:47:05,,D:/desktop/Qi_DenfenseBeh/BorisData/exp3_a2a3/qicam34exp3after2t202301071508_20230107_150743.mp4,1454.440,25.0,8,n,go,meet,,,POINT,1157.901,1157.901,NA,,
qi_cam34_exp3_a2_4n,2023-08-31 13:45:30,,D:/desktop/Qi_DenfenseBeh/BorisData/exp3_a2a3/qicam34exp3after2t202301071508_20230107_150743.mp4,1454.440,25.0,4,n,go,meet,,,POINT,1159.151,1159.151,NA,,
qi_cam34_exp3_a2_4wp,2023-08-31 13:46:48,,D:/desktop/Qi_DenfenseBeh/BorisData/exp3_a2a3/qicam34exp3after2t202301071508_20230107_150743.mp4,1454.440,25.0,4,wp,gb,meet,,,POINT,1160.160,1160.160,NA,,
qi_cam34_exp3_a2_8n,2023-08-31 13:47:05,,D:/desktop/Qi_DenfenseBeh/BorisData/exp3_a2a3/qicam34exp3after2t202301071508_20230107_150743.mp4,1454.440,25.0,8,n,go,sting,,,STATE,1165.401,1180.405,15.004,,
qi_cam34_exp3_a2_4wp,2023-08-31 13:46:48,,D:/desktop/Qi_DenfenseBeh/BorisData/exp3_a2a3/qicam34exp3after2t202301071508_20230107_150743.mp4,1454.440,25.0,4,wp,gb,meet,,,POINT,1165.404,1165.404,NA,,
qi_cam34_exp3_a2_8wp,2023-08-31 13:47:49,,D:/desktop/Qi_DenfenseBeh/BorisData/exp3_a2a3/qicam34exp3after2t202301071508_20230107_150743.mp4,1454.440,25.0,8,wp,gb,meet,,,POINT,1167.632,1167.632,NA,,
qi_cam34_exp3_a2_4wp,2023-08-31 13:46:48,,D:/desktop/Qi_DenfenseBeh/BorisData/exp3_a2a3/qicam34exp3after2t202301071508_20230107_150743.mp4,1454.440,25.0,4,wp,oo,meet,,,POINT,1173.404,1173.404,NA,,
qi_cam34_exp3_a2_4wp,2023-08-31 13:46:48,,D:/desktop/Qi_DenfenseBeh/BorisData/exp3_a2a3/qicam34exp3after2t202301071508_20230107_150743.mp4,1454.440,25.0,4,wp,gb,meet,,,POINT,1176.662,1176.662,NA,,
qi_cam34_exp3_a2_4n,2023-08-31 13:45:30,,D:/desktop/Qi_DenfenseBeh/BorisData/exp3_a2a3/qicam34exp3after2t202301071508_20230107_150743.mp4,1454.440,25.0,4,n,gb,meet,,,POINT,1177.902,1177.902,NA,,
qi_cam34_exp3_a2_8n,2023-08-31 13:47:05,,D:/desktop/Qi_DenfenseBeh/BorisData/exp3_a2a3/qicam34exp3after2t202301071508_20230107_150743.mp4,1454.440,25.0,8,n,pb,meet,,,POINT,1181.903,1181.903,NA,,
qi_cam34_exp3_a2_8wl,2023-08-31 13:47:28,,D:/desktop/Qi_DenfenseBeh/BorisData/exp3_a2a3/qicam34exp3after2t202301071508_20230107_150743.mp4,1454.440,25.0,8,wl,bb,meet,,,POINT,1182.662,1182.662,NA,,
qi_cam34_exp3_a2_8n,2023-08-31 13:47:05,,D:/desktop/Qi_DenfenseBeh/BorisData/exp3_a2a3/qicam34exp3after2t202301071508_20230107_150743.mp4,1454.440,25.0,8,n,gb,meet,,,POINT,1186.401,1186.401,NA,,
qi_cam34_exp3_a2_8wl,2023-08-31 13:47:28,,D:/desktop/Qi_DenfenseBeh/BorisData/exp3_a2a3/qicam34exp3after2t202301071508_20230107_150743.mp4,1454.440,25.0,8,wl,bb,meet,,,POINT,1199.908,1199.908,NA,,
qi_cam34_exp3_a2_8wl,2023-08-31 13:47:28,,D:/desktop/Qi_DenfenseBeh/BorisData/exp3_a2a3/qicam34exp3after2t202301071508_20230107_150743.mp4,1454.440,25.0,8,wl,bb,sting,,,STATE,1203.662,1301.160,97.498,,
qi_cam34_exp3_a2_8n,2023-08-31 13:47:05,,D:/desktop/Qi_DenfenseBeh/BorisData/exp3_a2a3/qicam34exp3after2t202301071508_20230107_150743.mp4,1454.440,25.0,8,n,go,meet,,,POINT,1206.656,1206.656,NA,,
qi_cam34_exp3_a2_8n,2023-08-31 13:47:05,,D:/desktop/Qi_DenfenseBeh/BorisData/exp3_a2a3/qicam34exp3after2t202301071508_20230107_150743.mp4,1454.440,25.0,8,n,pg,meet,,,POINT,1213.407,1213.407,NA,,
qi_cam34_exp3_a2_8n,2023-08-31 13:47:05,,D:/desktop/Qi_DenfenseBeh/BorisData/exp3_a2a3/qicam34exp3after2t202301071508_20230107_150743.mp4,1454.440,25.0,8,n,bb,meet,,,POINT,1218.152,1218.152,NA,,
qi_cam34_exp3_a2_4n,2023-08-31 13:45:30,,D:/desktop/Qi_DenfenseBeh/BorisData/exp3_a2a3/qicam34exp3after2t202301071508_20230107_150743.mp4,1454.440,25.0,4,n,go,meet,,,POINT,1220.151,1220.151,NA,,
qi_cam34_exp3_a2_8n,2023-08-31 13:47:05,,D:/desktop/Qi_DenfenseBeh/BorisData/exp3_a2a3/qicam34exp3after2t202301071508_20230107_150743.mp4,1454.440,25.0,8,n,go,meet,,,POINT,1220.154,1220.154,NA,,
qi_cam34_exp3_a2_4wp,2023-08-31 13:46:48,,D:/desktop/Qi_DenfenseBeh/BorisData/exp3_a2a3/qicam34exp3after2t202301071508_20230107_150743.mp4,1454.440,25.0,4,wp,gb,meet,,,POINT,1223.158,1223.158,NA,,
qi_cam34_exp3_a2_4wl,2023-08-31 13:46:24,,D:/desktop/Qi_DenfenseBeh/BorisData/exp3_a2a3/qicam34exp3after2t202301071508_20230107_150743.mp4,1454.440,25.0,4,wl,gb,meet,,,POINT,1226.403,1226.403,NA,,
qi_cam34_exp3_a2_4wp,2023-08-31 13:46:48,,D:/desktop/Qi_DenfenseBeh/BorisData/exp3_a2a3/qicam34exp3after2t202301071508_20230107_150743.mp4,1454.440,25.0,4,wp,gb,meet,,,POINT,1230.662,1230.662,NA,,
qi_cam34_exp3_a2_8n,2023-08-31 13:47:05,,D:/desktop/Qi_DenfenseBeh/BorisData/exp3_a2a3/qicam34exp3after2t202301071508_20230107_150743.mp4,1454.440,25.0,8,n,pg,meet,,,POINT,1232.154,1232.154,NA,,
qi_cam34_exp3_a2_8n,2023-08-31 13:47:05,,D:/desktop/Qi_DenfenseBeh/BorisData/exp3_a2a3/qicam34exp3after2t202301071508_20230107_150743.mp4,1454.440,25.0,8,n,pp,meet,,,POINT,1239.654,1239.654,NA,,
qi_cam34_exp3_a2_8wl,2023-08-31 13:47:28,,D:/desktop/Qi_DenfenseBeh/BorisData/exp3_a2a3/qicam34exp3after2t202301071508_20230107_150743.mp4,1454.440,25.0,8,wl,bo,meet,,,POINT,1241.414,1241.414,NA,,
qi_cam34_exp3_a2_8n,2023-08-31 13:47:05,,D:/desktop/Qi_DenfenseBeh/BorisData/exp3_a2a3/qicam34exp3after2t202301071508_20230107_150743.mp4,1454.440,25.0,8,n,bb,meet,,,POINT,1245.903,1245.903,NA,,
qi_cam34_exp3_a2_8wp,2023-08-31 13:47:49,,D:/desktop/Qi_DenfenseBeh/BorisData/exp3_a2a3/qicam34exp3after2t202301071508_20230107_150743.mp4,1454.440,25.0,8,wp,gb,meet,,,POINT,1263.632,1263.632,NA,,
qi_cam34_exp3_a2_8wl,2023-08-31 13:47:28,,D:/desktop/Qi_DenfenseBeh/BorisData/exp3_a2a3/qicam34exp3after2t202301071508_20230107_150743.mp4,1454.440,25.0,8,wl,bo,sting,,,STATE,1275.905,1288.660,12.755,,
qi_cam34_exp3_a2_8wl,2023-08-31 13:47:28,,D:/desktop/Qi_DenfenseBeh/BorisData/exp3_a2a3/qicam34exp3after2t202301071508_20230107_150743.mp4,1454.440,25.0,8,wl,go,meet,,,POINT,1284.662,1284.662,NA,,
qi_cam34_exp3_a2_4wl,2023-08-31 13:46:24,,D:/desktop/Qi_DenfenseBeh/BorisData/exp3_a2a3/qicam34exp3after2t202301071508_20230107_150743.mp4,1454.440,25.0,4,wl,oo,meet,,,POINT,1291.406,1291.406,NA,,
qi_cam34_exp3_a2_8wl,2023-08-31 13:47:28,,D:/desktop/Qi_DenfenseBeh/BorisData/exp3_a2a3/qicam34exp3after2t202301071508_20230107_150743.mp4,1454.440,25.0,8,wl,bb,meet,,,POINT,1309.414,1309.414,NA,,
